date,title,score,num_comments,sentiment
2024-05-29,Bitcoin price: $8. Legend üî•,1885,260,0.0
2024-09-15,‚ÄòShock And Awe‚Äô‚ÄîChina Could Be About To Trigger A $1.4 Trillion Bitcoin And Crypto Price Earthquake,940,263,0.0
2024-09-08,Elon Musk Posts ‚ÄúDogecoin‚Äù Text Image But Fails To Boost Dogecoin Price - Bitcoinik,1044,221,-0.0387
2024-09-28,"A ‚ÄòRapid Pace‚Äô $100,000 Bitcoin Price Earthquake Is Suddenly Predicted To Shock Crypto",744,246,-0.3818
2024-09-10,MicroStrategy's Michael Saylor Predicts Bitcoin Price Will Rise to $13 Million,529,316,0.0
2024-05-13,Ethereum Gas Prices Plummet 93% to Reach Rock-Bottom Levels,868,329,0.0258
2024-09-02,ETH price: $200 üíÄ,874,170,0.0
2024-10-03,‚ÄòExpect Fireworks‚Äô‚ÄîBlackRock CEO Issues ‚ÄòCrazy‚Äô Fed Warning As A China ‚ÄòTsunami‚Äô Is Predicted To Hit Crypto And The Bitcoin Price,435,186,-0.34
2024-09-29,‚Äò$16 Trillion By 2030‚Äô‚ÄîBlackRock Is Quietly Backing A Radical New U.S. Dollar Rival Amid A Bitcoin And Crypto Price Boom,601,132,0.0258
2024-08-15,"‚ú® The Simpsons predicting an infinity Bitcoin price, exactly 3 years ago",493,143,0.0
2024-06-20,Bitcoin price: $15 üíÄ,773,114,0.0
2024-05-09,"Bitcoin Whales Accumulate $941M BTC in 24 Hours as Prices Drop, What Does This Mean?",476,197,-0.2732
2024-09-24,Bitcoin price target rises to $78K after Chinese stimulus package,453,108,0.0
2024-07-03,"Bitcoin Price Dips Below $60,000, More than $8 Million Longs Liquidated",543,137,0.0
2024-07-20,Bitcoin Price Soars Above $65K - We are a hair away from major short liquidations - Is This the Start of a New Bull Run?,393,163,0.0
2024-08-23,Forget The Fed‚ÄîChina Could Be About To Drop A $420 Billion Bitcoin And Crypto Price Bombshell,498,113,-0.4588
2024-05-10,Trump NFT Prices Double as Jimmy Kimmel Calls Collectors 'Freaks' and 'Suckers',400,203,0.0
2024-09-14,"Bitcoin Price Nears $60,000 as Traders Anticipate Jumbo Rate Cut",434,105,-0.2732
2024-05-13,"Visa, Mastercard, JPMorgan And Citi Reveal Game-Changing Crypto Plan For ‚ÄòMass Institutional Adoption‚Äô After Bitcoin, Ethereum And XRP Price Pump",333,218,0.0
2024-08-20,Can we stop with all the price prediction and coin movement posts?,230,176,-0.296
2024-06-24,"Mt. Gox to repay creditors in BTC and BCH starting July 2024. They are holding 141,686 BTC worth $8.63B ü•∂. The Market seem to shocked and BTC price drop from $62.8K to $60.8K in only a few minutes.",335,161,-0.3612
2024-06-08,Bitcoin Price Tanks as Nearly $300 Million in Longs Get Rekt,214,240,0.0
2024-06-06,"VanEck Predicts Ethereum Price to Hit $22,000 by 2030",300,164,0.0
2024-07-29,It's way more fun to just forget about crypto for a while and then look back and see prices have risen ,302,127,0.4005
2024-06-01,Paper Bitcoin wallets printed when the price was $500 in 2014 ‚ú®,325,149,0.0
2024-05-23,"Bitcoin price could surge to $140,000 in three months if history repeats itself!",180,190,0.0
2024-07-06,Bitcoin Prices Rally Nearly 6% After Plunging To Lowest Since February,216,130,-0.3818
2024-04-21,"As fast as altcoins crash in price, they recover as fast, too...even some can outperform!",170,202,-0.4574
2024-06-18,"Bitcoin Price Dips: Who's Selling, How Much, and Why?",183,152,0.0
2024-05-09,"‚ú® 2 years ago today, the crypto market was about to forever change",881,206,0.0
2024-05-18,"‚ú® 14 years ago today, the pizza order that changed history",822,199,0.0
2024-09-07,‚ÄòBitcoin changed my life‚Äô: Taxi driver cashes in on El Salvador‚Äôs crypto gamble,409,54,0.0
2024-09-02,A sovereign wealth fund of 1.5B ADA (~$500M) unlocks later today to be used by and for every single member in the Cardano ecosystem. The most consequential upgrade (Chang hard fork) brings the most advanced governance system in the history of the cryptocurrency industry.,173,96,0.624
2024-06-29,Crpyto gaming needs a lot of change to become mainstream ,76,136,0.0
2024-09-29,FTX payout plan last-minute changes leave creditors feeling ‚Äòscammed twice‚Äô,140,60,0.0772
2024-08-31,Cardano's Chang hard fork set to launch tomorrow ‚Äî Here's what you should expect,152,56,-0.1027
2024-08-25,Ethereum Prepares for Pectra Upgrade: What Will Change?,75,57,0.0
2024-05-27,Why Internet Computer (ICP) Will Change the World,0,104,0.0
2024-09-22,Biggest Changes Coming in Ethereum‚Äôs Super-Sized Pectra Upgrade,109,37,0.0
2024-08-29,CARDANO (ADA) Chang Hard Fork Scheduled for 1st Sept,57,47,-0.1027
2024-10-03,"Old user, gone for a bit, newly back. Lots has changed with Moons I 'm seeing.. What function do they serve/what good are they [other than their token value ofc] now that vault isn't supported and one's not able to purchase memberships or special features with them?",0,36,0.7217
2024-09-03,Sell the News: Crypto Whales Offload $326 Million in Cardano (ADA) After Chang Hard Fork,36,37,-0.1027
2024-07-27,Cardano Validators Begin Migration In Preparation for Chang Hard Fork,66,37,-0.1027
2024-05-14,Billionaire Shark Mark Cuban Warns The SEC's Anti-Crypto Stance Could Cost Biden The Election ,1265,511,-0.1027
2024-05-02,"People who have been in crypto for more than one cycle, probably saw this drop coming from a mile away. It was textbook crypto volatility. They are also probably not worried about this dip, and maybe even relieved to see it. So far, everything continues to play out like clockwork.",1093,486,0.7195
2024-09-02,Most of the people you see panicking are those who are new to crypto and haven't experienced such volatility before,188,215,-0.4404
2024-08-05,Volatility spike leadings to a liquidity unwind. Get ready for a fun few weeks,227,146,0.7003
2024-09-07,"Bitcoin falls below $54,000 as U.S. job report stirs huge volatility",309,93,0.3182
2024-08-19,"How I lost $24.389,51 And Much More Due To A Hack For Not Following My Gut",632,598,-0.3182
2024-08-05,"Bitcoin Whales Make a Bold Move: 84,000 BTC Purchased in July Amid Market Volatility.",53,21,0.3818
2024-09-08,96% of NFTs Deemed ‚ÄòDead‚Äô as Market Struggles with Speculation and Volatility,6,20,-0.3612
2024-05-02,BTC Experiences Volatility Following Fed Announcement; Altcoins Begin Recovery,77,28,0.0
2024-07-10,Post-halving volatility triggers significant Bitcoin futures liquidations,27,13,0.2023
2024-09-17,Crypto market volatility is rising as Fed rate decision approaches,0,3,0.0
2024-07-09,Ampleforth introduces ‚Äòlow-volatility‚Äô alternative to fiat stablecoins,0,11,0.0
2024-07-10,"Dramatic highlights of the German government's Bitcoin sell-off from June 18 until now. Their impact on the daily trading volume of Bitcoin isn't significant, but are they testing their influence on market volatility?",15,9,-0.0762
2024-06-27,Crypto Market Braces for Volatility as $10B in Bitcoin and Ether Options Set to Expire | CoinMarketCap,2,12,0.0
2024-07-07,"German Government Reclaims 1,915 Bitcoins from Major Exchanges",586,236,0.0
2024-06-18,Bitcoin reduced volatility points to market growth and institutional influence ,22,6,0.3818
2024-06-26,Why Bitcoin Matters ‚Äî The Real Value Of BTC Beyond Its Volatility,0,5,0.3612
2024-06-26,"Bitcoin Volatility Index Rises To 52.7, Up By 4.42%",4,3,0.0
2024-06-25,Here's why I'm selling all my bags and no longer believe. This game is rigged.,386,228,-0.5719
2024-08-05,Any Particular Crypto‚Äôs You Are Choosing During This Downfall? ,125,425,0.0
2024-08-28,Market is RED again. Here is why,263,203,0.0
2024-05-11,Mark Cuban advocates for CFTC to regulate 'all crypto' ahead of US election day,241,69,0.0
2024-10-04,IMF pressures El Salvador to overhaul Bitcoin regulations,102,51,-0.3182
2024-08-15,"Half of crypto ads on Facebook are scams or violate Meta‚Äôs policies, consumer regulator alleges",141,44,-0.7906
2024-07-07,"
Archax makes abrdn‚Äôs ‚Ç¨3.8 billion Euro Money Market fund accessible and transferable on Algorand blockchain using Europe's first fully regulated digital euro Quantoz EURD electronic money token.",117,37,0.0
2024-08-15,Coinbase Wants SEC To Produce Documents That Could Expose Regulator‚Äôs Inconsistent Views on Digital Assets - The Daily Hodl,128,18,0.0258
2024-08-09,Turkey sees surge in crypto license applications amid new regulations,48,22,0.0
2024-10-13,Crypto Companies paid $19B in Settlements to US Regulators in 2024,44,9,0.0
2024-06-30,Vitalik Buterin says crypto regulations have created ‚Äòanarcho-tyranny‚Äô,54,24,0.25
2024-09-19,Exchange claims minimum transfer amounts are regulated. True? Why?  ,0,14,0.4871
2024-09-03,"New U.S. president must bring clarity to crypto regulation, analyst says",0,16,0.4019
2024-05-15,"LUNA crashing to $0 in 1 day, exactly 2 years ago. A lasting reminder of the risks of crypto ‚ú®",3028,426,-0.2732
2024-06-09,"‚ú® Bitcoin crashing from a high of $30, 13 years ago. They called it the ""Great Bubble of 2011."" Anyone who bought the top is up 200,000% üí´",845,158,0.7096
2024-08-05,"Crypto crash wipes out $1 billion, Bitcoin plunges toward $49,000",614,141,-0.4019
2024-06-18,"'THIS IS IT': Man Watches Bitcoin Crash to Below $0.01, exactly 13 years ago
",548,159,-0.4019
2024-08-05,Reminder : The Covid Crash Led to the Biggest Bull Run Ever,408,133,-0.4019
2024-07-10,Texas leaders worry that Bitcoin mines threaten to crash the state power grid,223,190,-0.802
2024-06-25,Bitcoin's June Crash: How Miner Sell-Offs Triggered a Market Meltdown,300,140,-0.4019
2024-08-29,Crypto traders lost $333 million in 24 hours amid market crash,187,114,-0.6124
2024-07-17,Why BTC will keep going up as long as people keep predicting a crash ,204,116,-0.4019
2024-10-06,Detailed Market Analysis - Why we will likely see a major flash crash the next days and how to avoid panic,0,102,-0.802
2024-07-06,Another BTC Crash and Top Alts from 2021 once again reach a new ATL against BTC. ,117,104,-0.2023
2024-07-05,Crypto market crashes below $2 trillion,189,79,0.0
2024-08-16,Bitcoin Price Crashes Below $57K as Total Liquidations Exceed $200 Million,106,82,0.0
2024-08-04,"Ethereum Price Crashes Below $3,000 As Revenues Drop Toward New Lows",118,76,-0.4404
2024-08-05,Bitcoin crashes below $53K wiping out $600M in leveraged longs,229,51,0.0
2024-08-21,"Tether Treasury minted 1 billion USDT. Since the crash on August 5, 2024, Tether has continuously transferred USDT to various exchanges such as Coinbase, Kraken, OKX, and Binance via wallet 0x1db (likely Cumberland), totaling 1.476B USDT.",55,76,-0.2263
2024-10-06,Will Bitcoin Crash to $20k Again? Analyzing Historical Trends and Potential Risks,0,58,-0.5859
2024-04-18,Crypto crashes bring opportunities...to move your ETH around.,102,74,0.0
2024-06-27,‚ÄòGroundbreaking‚Äô Bitcoin Bill Introduced To Congress After Crypto Price Crash,118,53,-0.4019
2024-09-11,BlackRock Issues Serious Fed Warning As Crypto Braces For A Predicted 50% Bitcoin Price Crash,0,54,-0.6597
2024-08-17,Crypto recent pullbacks are five times softer than the Covid crash: CoinGecko,71,46,-0.4019
2024-10-03,Crypto traders lost over half a billion dollars in market crash,0,43,-0.6124
2024-08-05,Bitcoin Crashes to $50K as 'Perfect Storm' Hits Crypto Market,91,41,0.5719
2024-08-05,Crash because of war?,0,51,-0.765
2024-05-01,"We dropped to $56k and people are panicking. Instead let's see it as opportunity, nobody can buy the exact bottom anyways",859,646,-0.0258
2024-08-05,"Bitcoin dips to $53K after Bank of Japan‚Äôs rate hike, Ether follows drop as global market panic ensues",914,257,-0.6597
2024-05-12,"‚ú® 2 years ago today, this legend dropped one of the most iconic Reddit posts about Bitcoin.",1076,204,0.0
2024-04-20,Bitcoin ushers in fourth halving as miners' block subsidy reward drops to 3.125 BTC,857,179,0.2023
2024-05-10,Bitcoin mining difficulty drops 6% in largest fall since bear market lows,535,134,-0.4939
2024-05-01,Ethereum drops below $3k as liquidations hit $320 million,414,156,0.0
2024-08-12,Ethereum's Average Gas Fees Drop Below 1 Gwei For the First Time in Years,242,63,-0.2732
2024-07-03,Ethereum Goes Budget-Friendly: Transaction Fees Drop To Lowest Since 2016,215,75,-0.5719
2024-09-05,Bitcoin Network in Trouble? Activity Drops to Lowest Point Since 2021,26,98,-0.6486
2024-06-02,"Bitcoin Miners See 46.15% Revenue Drop in May, Lowest Since October 2023 ‚Äì Mining Bitcoin News",157,61,-0.5719
2024-08-17,Record drop in Ethereum gas fees marks historically bullish signal for ETH!,132,45,-0.3382
2024-09-01,"Whales and Sharks Gobble Up Over $7,863,000,000 in Bitcoin As ‚ÄòImpatient‚Äô Traders Drop Their Holdings",157,32,-0.2732
2024-06-09,Why did crypto prices drop yesterday after the Roaring Kitty livestream?,0,88,-0.2732
2024-08-04,"Ethereum price clings 'crucial area,' drop below $2.8K looming ",29,57,-0.3818
2024-10-05,Hello Reddit! We're giving away 550 Nano (~$500) AND sending some Nano to EVERY commenter. No strings attached!,464,4395,0.1984
2024-04-19,"Bitcoin price drops below $60,000 before rebounding ahead of halving",158,51,0.0
2024-08-25,"Toncoin drops 18%, Notcoin tumbles following arrest of Telegram CEO Pavel Durov",67,39,-0.34
2024-07-27,"Ethereum Overtakes Solana in NFT Sales, But Trade Volume Drops Significantly",28,53,0.0
2024-09-28,"In 2018 Peter Schiff Advised Not to Buy BTC at $3800 Because He Believed that Even falling another 80% to $750, it Would Still be Expensive. ",1391,241,-0.1531
2024-09-08,Bitcoin Hashrate Hits Record High as Prices Drop Below $55K,54,32,-0.2732
2024-08-19,"Ether price drop due to investor sentiment, not $420M ETF outflows ‚Äî Nansen",44,32,-0.2732
2024-04-19,$1.72 Billion Worth of Bitcoin Shifted to Accumulation Addresses Following Drop Below $63K: Data,85,46,-0.0516
2024-04-27,"To new-memecoin investors, I have a question: Let's say all of the meme-coins you buy drop in value by 99% in 2-3 years. If you make money off of them now, do you feel any moral qualms about profiting from selling?",0,60,0.4404
2024-09-17,Ether-Bitcoin Ratio Drops to Lowest Since April 2021. Here‚Äôs Why It Matters,0,29,-0.3612
2024-08-30,"2 years ago today, this tweet pumped the ETH market by 10% üíÄ",3084,309,0.0
2024-09-07,Crypto market enters ‚Äòextreme fear‚Äô as analysts warn of Bitcoin below $50K,919,345,-0.1027
2024-10-10,FBI creates crypto token to catch fraudsters in historic market manipulation case,1263,169,-0.5423
2024-07-07,"JPMorgan Chase, Bank of America and 7 Mega Banks Paying $46,000,000 Over Alleged Conspiracy To Rig Trillion-Dollar Derivatives Market - The Daily Hodl",1057,148,-0.5994
2024-10-04,"Crypto has become a ""weak"" market.",148,219,0.0
2024-09-24,"VanEck CEO Predicts Bitcoin Could Soar to $350,000, Eyeing Gold‚Äôs Market Cap",387,98,0.0
2024-10-01,Donald Trump says his childrens defi crypto project will help make America ‚Äúthe crypto capital of the world‚Äù. But the whitelist isn‚Äôt even available for Americans.,809,333,0.2144
2024-09-18,Early warnings that Trump‚Äôs DeFi project would flop,92,77,-0.5574
2024-09-23,Ethereum Co-founder Warns Trump-Backed DeFi Platform Poses Risks To Crypto Industry - Brave New Coin,139,39,0.2263
2024-09-04,Inside the Trump Crypto Project Linked to a $2M DeFi Hack and Former Pick-Up Artist,104,25,0.0
2024-10-01,"Gary Gensler Reiterates in Speech That Coinbase, DeFi Should Be Defined as ‚ÄòExchanges‚Äô",27,27,0.0
2024-09-22,Selfi Social - Web3 Integrated DeFi Socials ,29,27,0.0
2024-08-01,Centralized Crypto Exchanges Are Slowly Losing Ground to DeFi Counterparts,44,25,-0.3818
2024-08-13,Coinbase Urges SEC to 'Abandon' Its 'Irrational' DeFi Exchange Rule - Decrypt,59,20,0.0
2024-07-13,Ethereum Dominates Stablecoin Market with $85 Billion Supply Reinforcing DeFi Dominance,25,30,0.25
2024-09-04,Two members of the Trump Family were just hacked on Twitter and just pulled off an elaborate scam. ,937,222,-0.7506
2024-05-02,DeFi's total value locked falls $10 billion in April,76,26,0.34
2024-07-15,Looking for a new DeFi wallet with multi-chain support.,0,25,0.4019
2024-10-09,Ethereum staking defies market trends with robust growth in 2024,26,8,0.6124
2024-07-13,DeFi Protocol Dough Finance Exploit Swipes $1.96 Million,27,21,-0.1027
2024-06-11,"Bitcoin $350,000 Price by August? Kiyosaki's Bullish Bet Defies Market Reality",0,26,0.0
2024-05-22,I‚Äôm not sure who needs to read this. Important reminder: Do not log out or delete your DeFi wallet app if you don‚Äôt have your 12-word recovery phrase.,42,22,0.0098
2024-06-10,DeFi protocol UwU Lend falls victim to $19.3M exploit ,26,20,-0.3612
2024-10-07,WEF backs ‚ÄòSandbox-first approach‚Äô for DeFi adoption,0,6,-0.0516
2024-09-11,First US Congressional hearing on DeFi reveals deep partisan divide over crypto regulation,6,8,0.0
2024-09-05,How Ethereum 2.0 Can Transform DeFi,0,9,0.0
2024-07-31,Cardano's Hoskinson: DeFi ecosystem just moving water in bathtub,2,14,0.0
2024-04-20,"Former Black Hat Hacker ""Gummo"" retires from technology, stating '...I won't be touching anymore keyboards...', looks to responsibly sell his remaining 72,527 Bitcoin worth nearly $5 billion",556,205,0.2263
2024-09-26,Harris vows to keep US 'dominant' in blockchain and AI technologies,66,120,0.0
2024-09-26,"What projects have you been following for their technology or use case innovations? No token talk please, just a discussion on great minds bringing the technology to new levels [Serious]",1,69,0.6369
2024-07-30,Cheat-Proof Gaming: The Promise of New P2P Technology*,14,32,0.3182
2024-08-23,"Vitalik Buterin defends Ethereum's strength, citing recent technological advancements and ecosystem growth",38,22,0.7003
2024-09-20,South Korean gaming powerhouse Nexon aims to extend lifespan of games with blockchain technology,0,7,0.1779
2024-07-18,Nigeria to change its policies on blockchain technology,27,12,0.0
2024-07-09,"TON Blockchain Will Release New Layer-2 Based On Polygon‚Äôs Technology - called the TON Applications Chain (TAC), it will make use of Polygon‚Äôs Chain Development Kit (CDK), as well as their AggLayer.",1,13,0.2732
2024-09-20,"DFINITY Foundation Signs Letter of Intent with Cambodia‚Äôs Ministry of Industry, Science, Technology and Innovation",0,3,0.3818
2024-07-27,Zilliqa and Brillion Forge Path to Future with Smart Wallet Technology,1,6,0.4019
2024-06-02,Altseason incoming? Ethereum reclaims key trend line against Bitcoin,250,165,0.0
2024-06-04,Kraken Witnesses Largest Bitcoin and Ethereum Outflows Since 2017: What's Behind the Trend?,296,129,0.0
2024-07-22,What is the hype about with ton? I‚Äôm trying to learn more about it but am confused why it doesn‚Äôt follow trends well . ,0,111,-0.0772
2024-07-01,"14,000 BTC Transferred To Exchanges In Four Days - Worrying Trend For Bitcoin Price?",43,58,-0.34
2024-06-18,"Bitcoin dominance reaches 56%, showing cyclical performance trends over Ethereum ",55,27,0.25
2024-05-10,XNO: Nano trends as feeless and instant rhyme with gaming | Santiment's Community Insight,0,33,0.0
2024-10-04,Emerging trend could see Solana ‚Äòseriously challenge‚Äô Ethereum: Sygnum,0,9,0.0
2024-06-30,Michael Dell's Bitcoin Interest: A Growing Trend?,44,14,0.5719
2024-07-01,Bitcoin Eyes Bullish July as Analysts Find Historical Trends,26,17,0.0
2024-09-07,"Bitcoin ETFs outflow $706m: BlackRock, WisdomTree buck trend",2,9,0.0
2024-08-22,"""ETH trend dying now?"" ü§°
",0,9,0.0
2024-10-07,"US spot Bitcoin ETFs log $300 million weekly outflow, reversing three-week trend",3,2,0.0
2024-04-20,Hate this trend of using halving as a marketing hype scheme thing,0,25,-0.5719
2024-09-11,"ETH/BTC Trading Pair Highlights Bitcoin's Dominance, But Will the Fed Rate Cut Change the Trend?",0,3,-0.3071
2024-07-07,Trend micro 4th part of series reviews quantum resistant algos.,11,10,0.0
2024-08-20,This Institution Joins the Tokenization of Real-World Assets Trend,0,5,0.1779
2024-06-24,Crypto in 2024: 5 Trends That Could Skyrocket,0,9,0.0
2024-06-26,Negative Trend in US Spot Bitcoin Exchange Traded Funds (ETFs) Ended! How Many Entries Have Been Seen? Here are the Details,0,5,-0.6114
2024-04-25,Bitcoin Wallets Holding At Least $1K Are Growing in 'Positive Trend': Fidelity - Decrypt,37,5,0.6486
2024-06-24,"Usually the SVI (social voting indicator) is correct, the trend might be sideways ",0,2,0.0
2024-05-31,"Davido launches own meme coin amid TapSwap, other crypto trends",0,1,0.0
2024-06-16,"Hypothetical question : What happens to cryptos, if USD collapses?",110,300,-0.296
2024-05-19,"Venezuelan only electric company (state owned, so the government) has ordered to shut down all the mining farms in the country considering the high power consumption and constant blackouts (A big house with 2000kWh monthly bill only pays 6 USD monthly)",187,140,0.0
2024-10-08,Friend‚Äôs employer wants to pay in Bitcoin and not in USD?  Which app or platform should she use to convert Bitcoin immediately to USD? Is it a scam?,0,84,-0.6848
2024-09-16,"There is a total of 920 million USDC wagered on Polymarket on the outcome of the 2024 US presidential election. The outcome of this bet hinges on the UMA oracle, a token with a total market cap of 179 million USD, less than 20% of the bets at stake.",71,45,0.0
2024-08-17,"2.5 Year Update: I took out $125,000 in Personal Loans & Balance Transfers to Buy Crypto",1206,621,0.0
2024-09-27,"FIFA ""Right-to-Buy"" NFT for the FIFA World Cup 2026 in Mexico City sold out in 24 minutes, the fastest sellout in FIFA Collect history. 115k USD worth of NFTs sold out in 24 minutes. All NFTs were minted on the Algorand Blockchain.",48,33,0.2263
2024-06-23,About 6.7 billions USD to be settled in BTC option market at the end of this 2nd quarter (28Jun),106,33,0.0
2024-04-17,Kraken Bitcoin Halving Giveaway Competition,692,3662,0.0
2024-07-12,"Over the past 2 months alone, Nostr users have 'zapped' (tipped) 1,624,227,365 sats (960k USD) over lightning ‚ö°‚ö°. This is how we decentralize social media: one tipped content creator at a time.",19,28,-0.25
2024-10-10, Is there an app/service that allows people to send me USD & i receive crypto ,0,13,0.0
2024-08-23,"MicroStrategy's Michael Saylor Forecasts Bitcoin's Rise to $350,000 by 2024",291,220,0.0
2024-04-29,Russia prepares for total crypto ban as geopolitical tensions rise,449,224,-0.743
2024-08-04,"With Rumours Of A Recession & War Rising, Is Crypto Really A Hedge During Times Of Turmoil?",137,221,-0.8481
2024-09-14,"$512,900,000,000 in Unrealized Losses Hit US Banks As Number of 'Problem Banks' Rises To 66: FDIC",372,79,-0.6249
2024-09-17,Bitcoin rises to the best levels of September.,173,66,0.6369
2024-05-23,Ethereum ETF rumors drive dramatic rise in ETH/BTC ratio,214,88,0.0
2024-09-19,Bitcoin Poised Close to a Major Surge with Global Liquidity Rising,222,49,0.25
2024-09-12,Bitcoin Miners Dump $1.7B Worth Of BTC As Rising Mining Difficulty And Weak Price Action Take Their Toll ,141,59,-0.7184
2024-09-27,Bolivia reports 100% rise in virtual asset trading since lifting Bitcoin ban,127,47,-0.2732
2024-06-22,"Pantera believes Solana will dominate blockchain sector, compares its rise to Apple‚Äôs breakthrough with macOS",0,67,-0.128
2024-05-20,I lost 650k from last bull run.,1026,768,-0.3182
2024-10-04,"Ethereum inflation rises, threatens ‚Äòultrasound money‚Äô status: Report",0,29,-0.3818
2024-08-04,Polygon (MATIC) at June 2022 Prices: Hidden Gem Opportunity or Dead Project? Will MATIC Rise Again?,0,40,-0.4329
2024-08-16,2024 US election tokens that should rise soon?,0,33,0.0
2024-10-02,Bitcoin Bull Run in Question as Balances on OTC Desks Rise to 410K,35,14,0.0
2024-04-23,The Rise of Cryptocurrency in Western Europe - Austria has shown recording a 70% increase in the number of cryptocurrency traders between December 2022 and December 2023.,93,28,0.3818
2024-09-20,"Non-dollar stablecoins will rise over next few years, Visa‚Äôs Head of Crypto says",29,12,0.0
2024-09-06,Cryptos expected to rally into year-end despite rising recession signs ‚Äì ETC Group‚Äôs Andr√© Dragosch,0,17,0.3252
2024-05-07,Dogecoin Rises 30% as Tesla Considers DOGE Acceptance For Electric Cars and Merchandise,0,29,0.4588
2024-09-14,Binance Alerts Users to Rising Threat of Clipper Malware,9,9,-0.5267
2024-09-11,Tether Invests $100M in Agriculture Amid Rising Stablecoin Competition,0,10,0.0
2024-08-21,"Bitcoin OTC desk balances rise by 60,000 BTC in past 30 days",0,12,0.0
2024-08-08,Robinhood Q2 crypto revenue surges 161% on rising trading volume,5,12,0.0
2024-07-08,Rising Power Fees Begin to Drive Bitcoin Mining Companies From Paraguay to Argentina,31,11,0.0
2024-10-09,Pi Network token IoU jumps as mainnet launch hopes rise,0,2,0.5423
2024-10-07,"Ethereum remains whitehat hackers' blockchain of choice, with Polygon, Arbitrum, Optimism and Solana on the rise",0,2,0.5423
2024-09-29,Ethereum Taker Buy/Sell Ratio Is Rising Again ‚Äî What It Means For ETH Price,0,3,0.0
2024-09-28,BitClout's Rise and Demise: The Dark Side of Digital Disruption,0,2,-0.3612
2024-07-15,Crypto ATMs fraud and scams on the rise in the US: report,14,10,-0.8225
2024-08-17,Germany Federal Office urges use of hardware wallets as crypto theft rises!,1,5,0.0
2024-08-17,"Advisor holdings in Bitcoin ETFs rise, hedge fund stakes dip ‚Äî Coinbase",2,4,0.0
2024-06-09,"‚ÄòA Very Big Opportunity‚Äô‚ÄîCrypto Suddenly Braced For A ‚ÄòTremendous‚Äô China Earthquake After Bitcoin, Ethereum And XRP Price Boom",169,77,0.0
2024-09-05,NFT Boom Bust: 96% of Projects Declared Dead in Report,66,46,-0.6486
2024-09-22,BlackRock Reveals It‚Äôs Quietly Preparing For A $35 Trillion Federal Reserve Dollar Crisis With Bitcoin‚ÄîPredicted To Spark A Sudden Price Boom,0,40,-0.4939
2024-09-12,"Stablecoin Market Soars to $170 Billion, Fueling Optimism for Bitcoin Boom",10,30,0.5423
2024-09-28,Leveraged MicroStrategy ETFs Are a 'Ghost Pepper' Bet on Bitcoin‚ÄîAnd They're Booming,0,12,-0.3182
2024-10-13,GameFi's next boom: How TON-based games and crypto airdrops are attracting millions of users,0,9,0.4767
2024-10-08,Cryptocurrency crimes surge 4x as crypto-related SEC litigations boom in Q3,0,6,0.0
2024-10-10,Stablecoin Use Booms in Argentina as Inflation Skyrockets: Report ,9,4,0.0
2024-09-01,Arthur Hayes Predicts Bitcoin Boom as Central Banks Cut Interest Rates,0,6,0.2263
2024-05-10,MemeCoin Boom - ELI5 ,0,14,0.0
2024-06-15,"ETF Boom! Market Set To Surge To $35 Trillion By 2035, Says Analyst",0,8,0.0
2024-08-03,'Unregulated' Crypto Betting Booms Ahead Of 2024 US Election On Polymarket,0,2,0.0
2024-05-08,"Bitcoin Booms, Ethereum Lags As Short-Term Holders Hold the Key: What‚Äôs Next?",0,8,-0.3612
2024-05-17,"Daily Crypto Discussion - May 17, 2024 (GMT+0)",30,623,0.0
2024-06-17,"He bought Bitcoin at $18 and called it a ""mistake."" HODL is the way ‚ú®",440,104,0.0
2024-06-22,"Dell CEO posts Cookie Monster eating Bitcoin meme, says 'scarcity creates value' ",361,63,0.5423
2024-09-29,"3 Years Ago, One of the Biggest Crypto Scams Happened. SQUID Went from $0.009 to $2,861 and then the Rug got Pulled",3269,384,-0.5859
2024-07-26,"Massive Sleeping Bitcoin Wallet From 2013 Moves 750 BTC After 11 Years, Valued at $48M",191,79,0.4404
2024-09-29,BlackRock‚Äôs spot Ethereum ETF surpasses $1 billion in value for the first time,249,36,0.34
2024-08-05,Will any other blockchain network ever break away from BTC value?,0,46,0.34
2024-10-07,Is it possible to create a coin that automatically deletes bits of its own value from the current owners wallet?,0,28,0.5423
2024-08-10,YSK: Your altcoins don't lose value the way you think they do,0,40,0.0572
2024-09-12,From High Hopes to Low Values: The Meme Coin Rollercoaster After the U.S. Presidential Debate,0,30,0.5267
2024-07-08,Monero surpasses Bitcoin in payment volume for the first time on platform,311,121,0.0
2024-07-24,Ethereum ETFs soar with $361 million volume in first 90 minutes,280,76,0.0
2024-07-25,"Ethereum Spot ETFs Debut with $1B in Trading Volume, But ETH Price Stays Flat",117,73,0.0
2024-08-01,Bitcoin Surpasses Visa And Mastercard In Daily Transaction Volume,131,47,0.0
2024-07-25,"Solana DEX Volume Surpasses Ethereum, BNB Chain",0,76,0.0
2024-07-24,Ethereum ETFs exceed $1 billion in trading volume despite lagging ETH's price,122,45,0.2057
2024-06-25,Bitcoin sees $630 million outflow as crypto ETP trading volume hits new low amid market's 'true correction',102,35,0.1779
2024-08-01,Is ADA overvalued? Cardano‚Äôs network volume is on a downtrend ,0,40,0.0
2024-06-10,"FIFA's Digital Collectible Marketplace is Heating Up. ~1 Million NFTs Minted and ~$3M in Volume. Record sales have recently happened with the new ""World Cup First-Timers"" edition being released with a Cristiano Ronaldo moment going for $4,500. ""Right-to-Buy"" world cup tickets are going for $2,500+.",65,34,0.0
2024-10-10,Crypto laundry...what's the volume of crypto getting tainted/un-tainted? Is it a positive ratio?,0,21,0.6072
2024-07-12,Crypto trading volume to exceed $108T in 2024 with Europe in the lead,47,23,0.0
2024-09-19,"Rare photo of an early Bitcoin order book, taken exactly 13 years ago. 25 BTC cost $100 ‚ú®
",1119,147,0.0
2024-09-09,Ethereum DEX networks are enjoying major increase in volume,16,12,0.6908
2024-07-31,Polymarket Sees Record-High Volume and Active Traders Amid U.S. Election Season,13,19,0.4019
2024-09-25,Binance leads the pack with $100 trillion in all-time trade volume,0,8,0.0
2024-10-07,"Bitcoin Transfer Volumes Soar in 2024, Set to Break 2023‚Äôs Record in 2 Weeks",4,4,0.0
2024-07-14,"Global Crypto Trading Volume to Surpass $108 Trillion in 2024, Europe Leads With 37.32%",43,10,0.0
2024-08-03,Solana's July DEX volume exceeds Ethereum amid wash trading concerns,0,12,0.0
2024-08-26,Arbitrum Leads L2s in All-Time Uniswap Trading Volume,6,8,0.0
2024-10-01,"Binance Leads Weekly Trading Volume in Centralized Exchanges, Totaling $131.17 Billion",0,3,0.0
2024-09-25,Polymarket sees surge in daily volume and users amid token launch speculation,0,3,0.0
2024-07-23,Biden's Exit Spurs Record $28M Daily Volume on Polymarket as Election Enters Uncharted Territory,23,9,0.0
2024-08-14,Global crypto trading volume set to surpass $108 trillion in 2024: Coinwire,10,6,0.0
2024-07-30,"Spot Ethereum ETFs Boost Trading Volumes to $14.8 Billion, Highest Since May",20,6,0.4019
2024-07-13,Study Reveals: Global Crypto Market Volume to Exceed $108 Trillion With Europe Dominating,19,8,-0.296
2024-08-20,US election bets make up 88% of Polymarket's volume,7,4,0.0
2024-07-12,Bybit Overtakes Coinbase in Crypto Trading Volume,1,8,0.0
2024-06-27,"Marc Cuban wallet dumps NFTs, market volume drops 45%: Nifty Newsletter",0,11,0.0
2024-08-09,Trump Family planning on launching an official Trump coin - I'm not joking this time,413,304,-0.1695
2024-05-14,How useful is Volume/Market Cap ratio when selecting a coin? ,3,15,0.4404
2024-08-06,"US Bitcoin, Ethereum ETFs hit $6B volume amid market rout ",3,4,0.0
2024-05-07,"Starting 2025, all crypto exchanges will report user trades to the IRS: new Form 1099-DA",872,429,0.0
2024-09-25,"3 years ago today, someone trained a hamster to trade crypto and he outperformed the S&P",996,113,0.0
2024-04-20,WARNING - Do not trade or store crypto on Robinhood,737,269,-0.4824
2024-10-11,"JPMorgan CEO used to call Bitcoin a fraud and a ponzi scheme - Also said he would fire anyone caught trading it. ""Dont listen to what I say, look at what I do""",413,171,-0.7351
2024-05-13,Have governments practically eradicated cryptos main purpose of decentralised banking and just transformed it into basic buying / selling / trading?,279,356,0.0
2024-10-06,"Spent $1600 and 2 months doing CopyTrading, these are the results:",350,103,0.0
2024-09-23,Cryptocurrency Trading Causes Lower Quality Of Life And Higher Stress,168,107,-0.6124
2024-07-23,BlackRock's spot Ethereum ETF begins pre-market trading,347,82,0.0
2024-06-02,"After trading in this market for over a decade, I'm beginning to be open minded to the idea that there's beginning to be early signs of what could be dubbed as the ""blue chips"" of crypto.",41,223,0.0
2024-08-29,"So...The SEC sent a letter to opensea telling them they're trading securities. Yes, SEC is labeling your digital reddit art a security ",102,116,0.743
2024-06-04,BTC ETF Net Inflow has been positive for 15 consecutive trading days. Anyone think the market is quite boring right now? ü§î,154,141,0.2516
2024-05-08,Join the AMA & Giveaway with Moby on May 8th - Discover more about On-Chain Options Trading and our next goals,34,238,0.296
2024-04-22,Join the Stryke Team for an AMA and Giveaway on April 23rd! Learn About Trading Onchain Crypto Options!,91,185,0.4184
2024-06-04,Legends trading Bitcoin for gasoline when the price was $10 in 2011,129,117,0.0
2024-05-28,Former SEC Chair Jay Clayton Says Approval and Trading of Ethereum ETFs Now ‚ÄòInevitable‚Äô,276,62,0.4767
2024-08-27,U.S. Congress member caught in wild crypto trading,290,31,0.0
2024-06-26,Ethereum‚Äôs supply has been inflating for 73 days straight,311,337,0.2263
2024-09-17,Michael Saylor‚Äôs MicroStrategy Now Holds Nearly 1.2% Of Total Bitcoin Circulating Supply After Latest Buy,446,107,0.0
2024-07-29,Senator Lummis proposes US government purchase 5% of total Bitcoin supply,263,132,0.0
2024-04-18,Bitcoin supply to run out on exchanges in 9 months,295,170,0.0
2024-05-28,"Bitcoin ETFs hold over 1 million BTC, approaching 5% of total supply ",249,56,0.0
2024-07-11,"Ethereum Supply Hits 8-Year Low, Price Surge Expected with Institutional Interest",147,49,0.2263
2024-07-14,"More Than a Third of Ethereum Supply Worth Over $147,000,000,000 Now Staked",151,46,0.2263
2024-08-31,"Shiba Inu Top 10 Whales Hold 61% Of Supply, A Worrying Fact?",49,48,-0.1531
2024-05-25,20% of top 300 cryptos have majority of their supply locked,173,41,0.2023
2024-08-31,Bitcoin Diamond Hands Still Unbroken: 30.7% Of Supply Dormant For 5+ Years,122,28,0.34
2024-06-15,CZ owns 64% of the circulating supply of BNB,96,40,0.0
2024-08-13,10 things they don't want people to know or post about about Solana,598,403,-0.0572
2024-06-04,"Bitcoin, Ethereum On Exchanges Drop To New Lows, What A Supply Squeeze Would Mean For The Market",42,24,-0.4404
2024-10-09,"ETH users stake 28.9% of supply, signal ‚Äòlong-term‚Äô confidence",2,7,0.5106
2024-08-15,"Ethereum supply surpasses 120M ETH as staking, restaking surge",4,15,0.0
2024-09-04,Japan to Cut Crypto Tax Rate from 55% to 20%,1280,238,-0.2732
2024-10-08,"Fake News Spread That HBO‚Äôs Satoshi Nakamoto To Be Revealed Is Adam Back: Polymarket Rates React
",221,138,-0.4767
2024-09-25,Solana's YTD Inflation Rate is ~13.5%,148,129,0.0
2024-08-01,"Fed holds interest rate steady at 23-year high, possible rate cuts coming September",213,119,0.2023
2024-05-16,"'You Are Still Early:' Bitcoin's Global Adoption Rate Hits 4.7%, Echoes Internet's Early Growth Phase, Says Analyst",279,133,0.3818
2024-09-28,Fed seen cutting rates another 50 bps in November,256,64,-0.128
2024-08-24,"Bitcoin Blasts to $64,853‚ÄîPowell‚Äôs Rate Cut Hints Lift Entire Crypto Market",278,66,-0.2732
2024-09-11,"U.S. inflation slowed to 2.5% in the year through August, keeping the Federal Reserve on track for a rate cut next week",152,85,-0.2732
2024-06-12,US Senators Call for Federal Reserve to Lower Interest Rates Amid Economic Concerns,217,101,0.2023
2024-09-19,Inflation in Check? Fed Cuts Interest Rates for First Time in Four Years,265,46,0.2023
2024-09-04,Upcoming Fed Rate Cuts: Bitfinex Analyzes Bitcoin Could Plunge To $40K,33,63,-0.296
2024-08-08,"Bank of Japan says no more rate hikes, and no rate cut",166,41,-0.6705
2024-09-16,Thoughts on the Rate Cut this Wednesday?,0,48,-0.2732
2024-09-16,"Ethereum Price Analysis: 4,000 New Investors Stake $502M ETH ahead of USA Fed Rate Decision",135,24,0.0
2024-09-19,"Bitcoin Soars Past $62K After Fed Rate Cut, Leading Bullish Crypto Market Surge | COINOTAG NEWS",46,31,-0.2732
2024-09-02,"Bitcoin could dip to $45,000 after rate cuts",0,37,-0.296
2024-06-05,"Bullish Bitcoin, Ethereum, and Dogecoin as Investors Anticipate Interest Rate Cuts",42,44,0.2023
2024-09-20,Bank of Japan maintains interest rates at 0.25% after core inflation firm to 2.8%,108,13,0.4588
2024-10-02,Eurozone inflation rates drop below 2% for the first time since 2021: Bets on ECB rate cuts,56,15,-0.5106
2024-09-19,Fed Cuts Interest Rates For First Time In 4 Years: Here‚Äôs What It Means For You,78,12,0.2023
2024-09-23,Bitcoin leads $321M crypto inflows following Fed rate reduction,40,16,0.0
2024-09-27,Bitcoin Billionaire Arthur Hayes Rates His Market Prediction Accuracy as 'Pretty Shit',33,12,-0.1027
2024-10-03,"Fed‚Äôs Jerome Powell Dampens Hope for Big Rate Cut This Year, Says Policy To Move Toward Neutral Stance",11,11,0.2023
2024-07-26,"At this rate, Grayscale's ETHE could run out of ether within weeks",29,20,0.0
2024-09-21,Altcoins Surge Leaving Bitcoin and Ether Behind After Fed Cuts Interest Rate,0,13,0.2023
2024-08-23,BTC Holds $60K as Fed Signals Smaller Rate Cut; Will Powell‚Äôs Speech Ignite a Bull Run?,25,15,-0.2732
2024-05-02,"Bitcoin, Ethereum Trade Sideways as Fed Leaves Interest Rates Untouched",87,23,0.4588
2024-08-12,Ex-Bank of Japan Official Rules Out Another Rate Hike This Year!,16,16,0.0
2024-08-24,Over $130M in Liquidations as Bitcoin Skyrockets to a 3-Week Peak After Powell's Rate Cut Promise,21,13,0.0516
2024-09-09,"A 0.50% Fed Rate Cut Could Raise Alarm for Bitcoin, 10X Research Warns",0,13,-0.5994
2024-09-16,Crypto investment products see $436m inflows as rate cut speculation grows,7,10,-0.2732
2024-09-07,Bitcoin Price Reacts to US Jobs Report and Declining Unemployment Rate,0,12,-0.4404
2024-08-29,Arthur Hayes: Why Rate Cuts Can‚Äôt Guarantee Bitcoin Revival,0,13,-0.0516
2024-09-04,A reminder about rate cuts after they are announced ,0,12,-0.296
2024-08-13,"JPMorgan Chase, Bank of America, Wells Fargo and Citi Predict Abrupt Fed Rate Cuts Amid Global Market Turbulence: Reports",19,12,-0.0516
2024-10-01,"Ethereum Staking Yields Could Outpace US Rates, Boosting Prices Experts Say - Decrypt",0,6,0.34
2024-08-28,Rate the Best Crypto Portfolios: Help Us Find the Top Performers,0,10,0.8271
2024-09-15,"Inflation slows, but Fed‚Äôs rate decision is still in limbo",8,7,0.0
2024-08-02,What is your current rating on the crypto or blockchains sphere year so far? Why so?,0,14,0.0
2024-05-27,Chainlink (LINK) And SWIFT Set To Unveil Major Partnership,192,102,0.368
2024-08-18,Apple‚Äôs Partnership with Circle (USDC) Could Open $15.7 Trillion Market For Ethereum,155,65,0.0
2024-10-04,Important: Governance Voting [Live Now] for Unstoppable Domains Partnership,14,34,0.0
2024-09-12,"Mastercard has announced a partnership with Mercuryo to launch a crypto debit card, allowing users to spend crypto from self custodial wallets.",38,30,0.0
2024-07-02,U.S. Marshals Service Announces Partnership With Coinbase To Manage and Dispose Cryptocurrencies,128,29,0.0
2024-06-01,"No, JasmyCoin Does Not Have a Partnership With Apple‚ÄîBut Its Token Is Still Pumping - Decrypt",3,28,-0.296
2024-08-08,Unlocking Crypto for Half a Billion People: Inside MoonPay and PayPal's Partnership,8,15,0.0
2024-05-03,Tether Enters Transaction Surveillance Partnership with Chainalysis as Regulatory Pressure Mounts,50,19,-0.296
2024-05-01,Coinbase integrates Bitcoin‚Äôs Lightning Network in partnership with Lightspark | CoinBase Blog,36,21,0.0
2024-10-03,"Lamborghini brings cars to Web3 games with Animoca, Motorverse partnership",0,4,0.0
2024-09-07,Arbitrum Revolutionizes Web3 Gaming at Tokyo's WebX Conference with Innovative Partnerships and Engaging Demos,0,3,0.6486
2024-08-10,"Lamborghini Animoca Brands Partnership Ignites Automotive Brand Engagement in the Web3 Era
",0,1,0.4588
2024-05-07,Kraken expands European footprint with German strategic partnership,23,6,0.1027
2024-05-30,El Salvador‚Äôs Bitcoin Bet: Can Bukele and Cathie Wood's Partnership Spark an Economic Revolution?,11,4,0.2263
2024-06-19,How I lost ~100.000$ in Telegram Wallet,348,238,-0.3182
2024-09-13,BlackRock promotes Bitcoin as a hedge against global financial disorders | Cryptopolitan,540,155,0.34
2024-10-12,Bitcoin critic Jamie Dimon admits he is terrified of imminent global recession ,282,160,-0.7717
2024-08-05,"$768,850,000 in Bitcoin and Crypto Liquidated in 12 Hours As Global Asset Dump Intensifies",161,74,-0.0258
2024-10-08,"Global Crypto Adoption to Hit 8% by 2025, BlackRock Says Pace Exceeds that of Internet and Mobile Phones",165,50,0.0
2024-10-03,"Global liquidity is exploding: What this means for Bitcoin, inflation, and your crypto wallet",76,46,0.0
2024-08-27,"Bitcoin Needs Equivalent of 1% of Global Wealth Assets To Hit $1,000,000, According to Analyst Willy Woo",61,35,0.7906
2024-06-16,"Let's play a wargame scenario: If you were an evil global organization with $500B and 5-10 years of preparation, how would you destroy each different category of blockchain?",14,65,-0.7579
2024-09-26,Bitcoin mining does not use 8% of global electricity although US talk show hosts think so,115,22,0.0
2024-04-25,Arthur Hayes Predicts Bitcoin Surge Amid Global Currency Devaluation,115,50,0.0
2024-09-10,DCA+HODL only BTC is making more sense than ever when considering increasing global taxation.,0,28,0.0
2024-10-02,"Global markets dip, what history tells us about wars and investment",0,21,-0.5574
2024-07-20,Cynthia Lummis praises Bitcoin's immunity to global cyber outages,90,20,0.5267
2024-06-15,"10 years ago today, 1 Bitcoin mining pool was in control over 50% of the network's global hashrate ‚ú®",41,29,0.0
2024-09-06,Japan‚Äôs major banks back new stablecoin project for global trade,45,16,0.0
2024-09-27,Michael Saylor Backs BlackRock‚Äôs Bullish Bitcoin Vision as a Global Monetary Alternative,19,14,0.2023
2024-08-25,"El Salvador: A Safe Haven for Free Speech Amidst Global Concerns, Says President Nayib Bukele",21,18,0.7351
2024-10-04,S&P Global is looking to merge AI and Crypto,8,10,0.0
2024-06-16,"Global investments in crypto hit $1 billion in May, driven largely by Ethereum",98,15,0.0
2024-09-13,"BlackRock promotes BTC as a ""global monetary alternative"" and a hedge against the risk of global financial disorders ",0,9,0.0772
2024-08-06,Here‚Äôs an ELI5 on on How Japan Sent Global Markets Tumbling,4,13,0.0
2024-10-02,Australia‚Äôs ‚ÄòOperation Kraken‚Äô Seizes $6.4 Million in Crypto Linked to Global Crime - Decrypt,0,5,-0.5423
2024-09-16,Global Banking Network SWIFT Paves Way for Tokenized Asset Integration,0,7,0.6166
2024-08-24,Russia plans to set up crypto exchanges to support global trade,0,10,0.4019
2024-09-13,India Now Leads Global Crypto Adoption For The Second Year,0,7,0.0
2024-10-07,Digital asset products globally see $147 million outflow but trading surges 15%,0,3,0.1901
2024-10-05,"4 Arrests, Sanctions Follow Global Operation Against Lockbit Group",0,2,-0.4404
2024-07-31,From Grape to Blockchain: How David Garrett and dVIN are Fermenting a New Era of Transparency in the Global Wine Trade,0,11,0.0
2024-08-05,"Bankrupt Genesis Global Launches $4,000,000,000 Crypto and Cash Payout to Creditors",15,8,-0.5574
2024-08-21,IBIT and FBTC rank among top global ETFs by inflows,0,7,0.2023
2024-09-27,Hong Kong looks to become global OTC crypto center with new EU style reporting,0,2,0.0
2024-07-25,"Nigeria, once a hotbed for Crypto, is proving hostile to global players - Businessday NG",0,10,-0.3818
2024-08-30,El Salvador‚Äôs Bukele says ‚ÄòBitcoin hasn't had the widespread adoption we hoped for',201,183,0.3818
2024-07-02,Crypto Will Never See Mainstream Gaming Adoption,18,201,0.0
2024-07-04,Algorand celebrates 5th anniversary with 2 billion transactions and record adoption of real-world use cases at annual Decipher conference,141,77,0.5719
2024-08-30,Withdraw and transfer fees are way to high for mainstream adoption,21,72,0.0
2024-09-07,El Salvador marks three years of Bitcoin adoption with $31M profit,173,34,0.4404
2024-10-06,PayPal‚Äôs Investments Are Leading The Mass Adoption Of Crypto Payments,166,23,0.0
2024-05-18,Arbitrum leading decentralised finance adoption,29,83,0.0
2024-04-27,"Existing Blockchains Can‚Äôt Adopt Post-Quantum Cryptography Without Significant User Impact, Says Johann Polecsak ‚Äì Interview Bitcoin News",84,60,0.0279
2024-07-19,Wearable hardware wallets for crypto adoption: Interview with Changelly and Tangem,27,49,0.0
2024-09-26,"Kamala Harris says US should become 'dominant' in blockchain, reiterates 'digital assets' in economic plan",1101,422,0.1779
2024-09-22,BlackRock CEO Backs Bitcoin as Key Investment for Economic Uncertainty,510,76,-0.3818
2024-10-02,Kraken will delist Monero (XMR) in the European Economic Area (EEA),149,117,0.0
2024-07-31,"‚ÄòEconomically Useless‚Äô: Paul Krugman Blasts Trump, Vance for Backing Bitcoin",121,137,0.0258
2024-10-09,Is Ethereum Creator Vitalik Buterin A Nobel Economics Prize Contender? Economists Tyler Cowen And Alex Tabbarok Think So ,41,56,0.5859
2024-08-05,"Recession Fears, Middle East Tensions, and Japan's Economic Woes: The Perfect Storm! Will the Fed Call an Emergency Meeting to Print More Money?",54,49,-0.8553
2024-06-21,Javier Milei Champions Bitcoin and Currency Freedom in Argentina's Economic Reform,37,38,0.8225
2024-07-07,Venezuelans Turn to Crypto Amid Worst Economic Crisis,88,25,-0.8481
2024-09-16,"Navigating Egypt's Economic Restrictions: Friend Asking for Help with Receiving Money, Seeking Advice on Business Solutions",0,10,0.765
2024-07-05,Market Sentiment Plummets: US Economic Data Released Today and US CPI Next Week. Is Crypto Really Dead or Just Taking a Breather?,0,16,-0.6801
2024-06-24,'Hamster' crypto craze has taken Iran. It highlights economic malaise ahead of presidential election,12,13,-0.1531
2024-07-08,Japan's Metaplanet Scoops More Bitcoin Amid Sluggish Economic Growth,16,5,-0.0935
2024-07-21,crypto news: The economic impact of India's crypto legislation on the global market - The Economic Times,0,5,0.0
2024-07-06,Crypto remittances in Venezuela surge as economic situation worsens,2,5,-0.4767
2024-05-01,"The Macro Chessboard: Bitcoin, Yen, and the Global Economic Narrative",0,2,0.0
2024-04-19,Bitcoin halving optimism faces challenges from economic realities: Goldman Sachs,0,2,0.5859
2024-07-19,A rant-please listen,315,216,0.0
2024-10-03,Monero is currently at war with the international banking cartel ,258,135,-0.5994
2024-06-02,Vitalik gives his most updated thoughts on the blocksize war,66,84,-0.5994
2024-09-02,Thoughts and Civil war?,0,20,-0.5994
2024-09-29,Ethereum Game ‚ÄòSpace Nation Online‚Äô Is First Step for a Star Wars-Like Epic IP,0,3,0.0
2024-05-25,"Cardanos Blockchaingame ""Chains of War"" (Token ""MIRA"") launch on EpicGames",27,14,-0.5994
2024-05-06,Crypto Wars chronology (1991 - 2024),28,13,-0.5574
2024-06-17,Blockchain Wars are Cultural Wars,0,3,-0.802
2024-10-03,"Daily Crypto Discussion - October 3, 2024 (GMT+0)",27,613,0.0
2024-08-15,"US Government deposited 10,000 BTC ($540M) to Coinbase 11 hours ago.",1274,284,0.0
2024-07-25,Robert F. Kennedy Jr. blasts inflation as 'government theft',825,630,0.0
2024-06-27,"US government transfers 4,000 BTC to Coinbase ",758,235,0.0
2024-10-10,Peter Schiff Tells Michael Saylor to Take $4.3B Loan to Buy U.S. Government Bitcoin,284,104,0.0
2024-04-21,"If the Tether Treasury keeps on minting USDT like this, what makes them different from the government that prints fiat money? What will happen in the future if it stays like this?",207,234,0.7319
2024-07-13,Crypto Market Awaits Reaction After German Government Now Has Zero Bitcoin,243,98,0.0772
2024-05-26,Why are Americans so afraid of CBDC‚Äôs. Your government has spied on you previously and collected phone data and most people don‚Äôt bat an eyelid. ,3,230,0.0
2024-07-30,US Government Moves $2 Billion in Silk Road Bitcoin - Decrypt,183,89,0.0
2024-09-20,"German Government Shuts Down 47 Exchanges, Says They're Tied To ‚ÄòIllegal Activity‚Äô",225,51,0.0
2024-09-16,"US Government Paying $3,000,000,000 in Interest on National Debt Every 24 Hours",120,52,0.128
2024-08-24,"I hate to repeat myself again and again, but I want to remind you all that if the Chinese government wants its people to invest in bitcoin, the news won't come from Forbes, it will be on a .gov.cn website",67,60,-0.2263
2024-07-06,German MP Joana Cotar holds BTC and says the government should stop selling,126,55,-0.296
2024-05-08,Governance Tokens Are Bigger Scams Than Memecoins,147,67,-0.5859
