created,title,score,num_comments,url
29/9/2024 23:10,"3 Years Ago, One of the Biggest Crypto Scams Happened. SQUID Went from $0.009 to $2,861 and then the Rug got Pulled",3266,384,https://i.redd.it/5v9nq5s0lrrd1.jpeg
30/8/2024 19:40,"2 years ago today, this tweet pumped the ETH market by 10% ?",3088,309,https://i.redd.it/0fu2fdi8gsld1.png
15/5/2024 18:25,"LUNA crashing to $0 in 1 day, exactly 2 years ago. A lasting reminder of the risks of crypto ‚ú®",3035,426,https://i.redd.it/drjmue6vgk0d1.png
29/5/2024 18:15,Bitcoin price: $8. Legend ,1887,260,https://i.redd.it/ro69g69bcc3d1.png
10/10/2024 4:56,FBI creates crypto token to catch fraudsters in historic market manipulation case,1263,169,https://cryptobriefing.com/crypto-market-manipulation-charges/
17/8/2024 4:37,"2.5 Year Update: I took out $125,000 in Personal Loans & Balance Transfers to Buy Crypto",1209,621,https://www.reddit.com/r/CryptoCurrency/comments/1etzag0/25_year_update_i_took_out_125000_in_personal/
17/8/2024 4:37,"2.5 Year Update: I took out $125,000 in Personal Loans & Balance Transfers to Buy Crypto",1208,621,https://www.reddit.com/r/CryptoCurrency/comments/1etzag0/25_year_update_i_took_out_125000_in_personal/
7/7/2024 12:20,"JPMorgan Chase, Bank of America and 7 Mega Banks Paying $46,000,000 Over Alleged Conspiracy To Rig Trillion-Dollar Derivatives Market - The Daily Hodl",1061,148,https://dailyhodl.com/2024/07/06/jpmorgan-chase-bank-of-america-and-7-mega-banks-paying-46000000-over-alleged-conspiracy-to-rig-trillion-dollar-derivatives-market/
8/9/2024 17:28,"Elon Musk Posts ""Dogecoin""ù Text Image But Fails To Boost Dogecoin Price - Bitcoinik",1047,221,https://bitcoinik.com/elon-musk-posts-dogecoin-text-image-but-fails-to-boost-dogecoin-price/
20/5/2024 10:54,I lost 650k from last bull run.,1023,768,https://www.reddit.com/r/CryptoCurrency/comments/1cw5gpv/i_lost_650k_from_last_bull_run/
15/9/2024 2:51,"Shock And Awe'""îChina Could Be About To Trigger A $1.4 Trillion Bitcoin And Crypto Price Earthquake",942,263,https://www.forbes.com/sites/digital-assets/2024/09/13/shock-and-awe-china-could-be-about-to-trigger-a-14-trillion-bitcoin-and-crypto-price-earthquake/
4/9/2024 10:04,Two members of the Trump Family were just hacked on Twitter and just pulled off an elaborate scam. ,933,222,https://www.reddit.com/r/CryptoCurrency/comments/1f8hsky/two_members_of_the_trump_family_were_just_hacked/
7/9/2024 1:06,Crypto market enters 'extreme fear' as analysts warn of Bitcoin below $50K,922,345,https://cointelegraph.com/news/crypto-sentiment-drops-extreme-fear-analysts-warn-sub-50k-bitcoin-correction-weekend?utm_source=feedly_feed&utm_medium=rss&utm_campaign=rss_partner_inbound
5/8/2024 11:36,"Bitcoin dips to $53K after Bank of Japan's rate hike, Ether follows drop as global market panic ensues",914,257,https://cryptobriefing.com/crypto-market-crash-analysis/
9/5/2024 18:39,"‚ú® 2 years ago today, the crypto market was about to forever change",891,206,https://i.redd.it/b58sjag3qdzc1.png
2/9/2024 20:23,ETH price: $200 ?,879,170,https://i.redd.it/k2hw9erj2emd1.png
13/5/2024 18:43,Ethereum Gas Prices Plummet 93% to Reach Rock-Bottom Levels,863,329,https://dailycoinpost.com/ethereum-gas-prices-plummet-93-to-reach-rock-bottom-levels/
9/6/2024 20:53,"‚ú® Bitcoin crashing from a high of $30, 13 years ago. They called it the ""Great Bubble of 2011."" Anyone who bought the top is up 200,000% üí´",843,158,https://i.redd.it/tmwc77ocmj5d1.png
1/10/2024 0:25,"Donald Trump says his childrens defi crypto project will help make America ""the crypto capital of the world""ù. But the whitelist isn't even available for Americans.",804,333,https://i.redd.it/c05pv3ec3zrd1.jpeg
20/6/2024 22:54,Bitcoin price: $15 ?,772,114,https://i.redd.it/g3oam7v0qq7d1.png
28/9/2024 2:57,"A 'Rapid Pace' $100,000 Bitcoin Price Earthquake Is Suddenly Predicted To Shock Crypto",747,246,https://www.forbes.com/sites/digital-assets/2024/09/26/a-rapid-pace-100000-bitcoin-price-earthquake-is-suddenly-predicted-to-shock-crypto/
17/4/2024 20:47,Kraken Bitcoin Halving Giveaway Competition,691,3662,https://www.reddit.com/r/CryptoCurrency/comments/1c68xkc/kraken_bitcoin_halving_giveaway_competition/
17/4/2024 20:47,Kraken Bitcoin Halving Giveaway Competition,689,3662,https://www.reddit.com/r/CryptoCurrency/comments/1c68xkc/kraken_bitcoin_halving_giveaway_competition/
5/8/2024 16:38,"Crypto crash wipes out $1 billion, Bitcoin plunges toward $49,000",614,141,https://cryptobriefing.com/crypto-market-crash-billion-liquidations/
29/9/2024 6:35,"$16 Trillion By 2030'""îBlackRock Is Quietly Backing A Radical New U.S. Dollar Rival Amid A Bitcoin And Crypto Price Boom",599,132,https://www.forbes.com/sites/digital-assets/2024/09/28/16-trillion-by-2030-blackrock-is-quietly-backing-a-radical-new-us-dollar-rival-amid-a-bitcoin-and-crypto-price-boom/
29/9/2024 6:35,"$16 Trillion By 2030'""îBlackRock Is Quietly Backing A Radical New U.S. Dollar Rival Amid A Bitcoin And Crypto Price Boom",597,132,https://www.forbes.com/sites/digital-assets/2024/09/28/16-trillion-by-2030-blackrock-is-quietly-backing-a-radical-new-us-dollar-rival-amid-a-bitcoin-and-crypto-price-boom/
20/4/2024 9:51,"Former Black Hat Hacker ""Gummo"" retires from technology, stating '...I won't be touching anymore keyboards...', looks to responsibly sell his remaining 72,527 Bitcoin worth nearly $5 billion",552,205,https://twitter.com/GummoXXX/status/1781415229370626406
3/7/2024 20:10,"Bitcoin Price Dips Below $60,000, More than $8 Million Longs Liquidated",548,137,https://decrypt.co/238314/bitcoin-longs-liquidiated-btc-below-60k?utm_source=CryptoNews&utm_medium=app
18/6/2024 18:50,"THIS IS IT': Man Watches Bitcoin Crash to Below $0.01, exactly 13 years ago",546,159,https://www.youtube.com/watch?v=uDcWxQS8kws
10/5/2024 9:09,Bitcoin mining difficulty drops 6% in largest fall since bear market lows,533,134,https://www.theblock.co/post/293426/bitcoin-mining-difficulty-adjustment-largest-drop-since-bear-market-lows
10/9/2024 3:30,MicroStrategy's Michael Saylor Predicts Bitcoin Price Will Rise to $13 Million,532,316,https://decrypt.co/248574/microstrategy-michael-saylor-bitcoin-price-13-million
10/9/2024 3:30,MicroStrategy's Michael Saylor Predicts Bitcoin Price Will Rise to $13 Million,530,316,https://decrypt.co/248574/microstrategy-michael-saylor-bitcoin-price-13-million
23/8/2024 23:28,"Forget The Fed""îChina Could Be About To Drop A $420 Billion Bitcoin And Crypto Price Bombshell",498,113,https://www.forbes.com/sites/digital-assets/2024/08/23/forget-the-fed-china-could-be-about-to-drop-a-420-billion-bitcoin-and-crypto-price-bombshell/
15/8/2024 18:56,"The Simpsons predicting an infinity Bitcoin price, exactly 3 years ago",491,143,https://i.redd.it/jgwe92fq5tid1.png
9/5/2024 19:47,"Bitcoin Whales Accumulate $941M BTC in 24 Hours as Prices Drop, What Does This Mean?",474,197,https://cryptopotato.com/bitcoin-whales-accumulate-941m-btc-in-24-hours-as-prices-drop-what-does-this-mean/
24/9/2024 23:30,Bitcoin price target rises to $78K after Chinese stimulus package,458,108,https://cointelegraph.com/news/bitcoin-price-target-rises-78k-chinese-stimulus-package
24/9/2024 23:30,Bitcoin price target rises to $78K after Chinese stimulus package,454,108,https://cointelegraph.com/news/bitcoin-price-target-rises-78k-chinese-stimulus-package
29/4/2024 15:12,Russia prepares for total crypto ban as geopolitical tensions rise,445,224,https://cryptobriefing.com/russia-crypto-ban-reinforce-ruble/
3/10/2024 13:16,"Expect Fireworks'""îBlackRock CEO Issues 'Crazy' Fed Warning As A China 'Tsunami' Is Predicted To Hit Crypto And The Bitcoin Price",438,186,https://www.forbes.com/sites/digital-assets/2024/10/01/expect-fireworks-blackrock-ceo-issues-serious-fed-warning-as-a-china-tsunami-is-predicted-to-hit-crypto-and-the-bitcoin-price/?ss=FDA
17/6/2024 21:04,"He bought Bitcoin at $18 and called it a ""mistake."" HODL is the way ‚ú®",438,104,https://i.redd.it/9zod8ishr47d1.png
14/9/2024 2:57,"Bitcoin Price Nears $60,000 as Traders Anticipate Jumbo Rate Cut",433,105,https://decrypt.co/249381/bitcoin-price-nears-60000-traders-anticipate-jumbo-rate-cut
5/8/2024 15:56,Reminder : The Covid Crash Led to the Biggest Bull Run Ever,407,133,https://www.reddit.com/r/CryptoCurrency/comments/1eki70t/reminder_the_covid_crash_led_to_the_biggest_bull/
10/5/2024 1:24,Trump NFT Prices Double as Jimmy Kimmel Calls Collectors 'Freaks' and 'Suckers',401,203,https://decrypt.co/230059/trump-nft-prices-double-jimmy-kimmel-calls-collectors-freaks-suckers
20/7/2024 4:50,Bitcoin Price Soars Above $65K - We are a hair away from major short liquidations - Is This the Start of a New Bull Run?,398,163,https://www.reddit.com/r/CryptoCurrency/comments/1e7e3pr/bitcoin_price_soars_above_65k_we_are_a_hair_away/
24/9/2024 0:50,"VanEck CEO Predicts Bitcoin Could Soar to $350,000, Eyeing Gold's Market Cap",381,98,https://cryptodnes.bg/en/vaneck-ceo-predicts-bitcoin-could-soar-to-350000-eyeing-golds-market-cap/
14/9/2024 18:59,"$512,900,000,000 in Unrealized Losses Hit US Banks As Number of 'Problem Banks' Rises To 66: FDIC",368,79,https://dailyhodl.com/2024/09/13/512900000000-in-unrealized-losses-hit-us-banks-as-fdic-warns-66-lenders-facing-serious-weakness/
22/6/2024 0:35,"Dell CEO posts Cookie Monster eating Bitcoin meme, says 'scarcity creates value' ",367,63,https://cryptobriefing.com/michael-dell-cookie-monster-bitcoin-meme/
24/6/2024 18:28,"Mt. Gox to repay creditors in BTC and BCH starting July 2024. They are holding 141,686 BTC worth $8.63B ü•∂. The Market seem to shocked and BTC price drop from $62.8K to $60.8K in only a few minutes.",339,161,https://platform.spotonchain.ai/en/signal-details/mt-gox-announced-repayment-to-creditors-in-early-july-2024-133078https://platform.spotonchain.ai/en/signal-details/mt-gox-announced-repayment-to-creditors-in-early-july-2024-133078
13/5/2024 0:39,"Visa, Mastercard, JPMorgan And Citi Reveal Game-Changing Crypto Plan For 'Mass Institutional Adoption' After Bitcoin, Ethereum And XRP Price Pump",336,218,https://www.forbes.com/sites/digital-assets/2024/05/11/visa-mastercard-jpmorgan-and-citi-reveal-game-changing-crypto-plan-for-mass-institutional-adoption-after-bitcoin-ethereum-and-xrp-price-pump/
1/6/2024 19:01,Paper Bitcoin wallets printed when the price was $500 in 2014 ‚ú®,320,149,https://i.redd.it/5n7kguj6zx3d1.png
6/6/2024 19:53,"VanEck Predicts Ethereum Price to Hit $22,000 by 2030",299,164,https://dailycoinpost.com/vaneck-predicts-ethereum-price-to-hit-22000-by-2030/
4/6/2024 18:36,Kraken Witnesses Largest Bitcoin and Ethereum Outflows Since 2017: What's Behind the Trend?,299,129,https://dailycoinpost.com/kraken-witnesses-largest-bitcoin-and-ethereum-outflows-since-2017-whats-behind-the-trend/
23/8/2024 2:23,"MicroStrategy's Michael Saylor Forecasts Bitcoin's Rise to $350,000 by 2024",299,220,https://cryptonewsland.com/microstrategys-michael-saylor-forecasts-bitcoins-rise/
29/7/2024 10:27,It's way more fun to just forget about crypto for a while and then look back and see prices have risen ,298,127,https://www.reddit.com/r/CryptoCurrency/comments/1eeohlu/its_way_more_fun_to_just_forget_about_crypto_for/
25/6/2024 0:22,Bitcoin's June Crash: How Miner Sell-Offs Triggered a Market Meltdown,294,140,https://dailycoinpost.com/bitcoins-june-crash-how-miner-sell-offs-triggered-a-market-meltdown/
28/8/2024 13:29,Market is RED again. Here is why,263,203,https://www.reddit.com/r/CryptoCurrency/comments/1f32fpu/market_is_red_again_here_is_why/
29/9/2024 18:08,BlackRock's spot Ethereum ETF surpasses $1 billion in value for the first time,251,36,https://coinstats.app/tr/news/cff10d70e2766ae9d1caf37366773ca364692f03951c0ba3008faa3df92dc9f6_BlackRock%E2%80%99s-spot-Ethereum-ETF-surpasses-$1-billion-in-value-for-the-first-time/
2/6/2024 3:14,Altseason incoming? Ethereum reclaims key trend line against Bitcoin,249,165,https://finbold.com/altseason-incoming-ethereum-reclaims-key-trend-line-against-bitcoin/
11/5/2024 10:32,Mark Cuban advocates for CFTC to regulate 'all crypto' ahead of US election day,244,69,https://cointelegraph.com/news/mark-cuban-cryptocurrency-cftc-regulation-united-states-sec
5/8/2024 13:45,Bitcoin crashes below $53K wiping out $600M in leveraged longs,230,51,https://cointelegraph.com/news/bitcoin-crashes-below-53k-wiping-out-600-million-leveraged-longs
5/8/2024 0:35,Volatility spike leadings to a liquidity unwind. Get ready for a fun few weeks,227,146,https://www.reddit.com/r/CryptoCurrency/comments/1ejzg8z/volatility_spike_leadings_to_a_liquidity_unwind/
20/8/2024 23:25,Can we stop with all the price prediction and coin movement posts?,225,176,https://www.reddit.com/r/CryptoCurrency/comments/1ewyg3r/can_we_stop_with_all_the_price_prediction_and/
10/7/2024 20:40,Texas leaders worry that Bitcoin mines threaten to crash the state power grid,225,190,https://www.texastribune.org/2024/07/10/texas-bitcoin-mine-noise-power-grid-cryptocurrency/
6/7/2024 9:42,Bitcoin Prices Rally Nearly 6% After Plunging To Lowest Since February,222,130,https://www.forbes.com/sites/digital-assets/2024/07/05/bitcoin-prices-rally-nearly-6-after-plunging-to-lowest-since-february/
19/9/2024 14:32,Bitcoin Poised Close to a Major Surge with Global Liquidity Rising,221,49,https://cryptodnes.bg/en/bitcoin-poised-close-to-a-major-surge-with-global-liquidity-rising-raoul-pal/
23/5/2024 23:54,Ethereum ETF rumors drive dramatic rise in ETH/BTC ratio,211,88,https://cryptoslate.com/ethereum-etf-rumors-drive-dramatic-rise-in-eth-btc-ratio/
8/6/2024 2:38,Bitcoin Price Tanks as Nearly $300 Million in Longs Get Rekt,210,240,https://decrypt.co/234422/bitcoin-price-tanks-nearly-300-million-longs-get-rekt
17/7/2024 4:56,Why BTC will keep going up as long as people keep predicting a crash ,200,116,https://www.reddit.com/r/CryptoCurrency/comments/1e4znej/why_btc_will_keep_going_up_as_long_as_people_keep/
29/8/2024 11:44,Crypto traders lost $333 million in 24 hours amid market crash,193,114,https://finbold.com/crypto-traders-lost-333-million-in-24-hours-amid-market-crash/
5/7/2024 20:14,Crypto market crashes below $2 trillion,193,79,https://finbold.com/crypto-market-crashes-below-2-trillion-heres-why/
26/7/2024 13:48,"Massive Sleeping Bitcoin Wallet From 2013 Moves 750 BTC After 11 Years, Valued at $48M",192,79,https://news.bitcoin.com/massive-sleeping-bitcoin-wallet-from-2013-moves-750-btc-after-11-years-valued-at-48m/?utm_source=CryptoNews&utm_medium=app
18/6/2024 18:57,"Bitcoin Price Dips: Who's Selling, How Much, and Why?",185,152,https://dailycoinpost.com/bitcoin-price-dips-whos-selling-how-much-and-why/
19/5/2024 21:54,"Venezuelan only electric company (state owned, so the government) has ordered to shut down all the mining farms in the country considering the high power consumption and constant blackouts (A big house with 2000kWh monthly bill only pays 6 USD monthly)",185,140,https://www.reddit.com/r/CryptoCurrency/comments/1cvot54/venezuelan_only_electric_company_state_owned_so/
23/5/2024 14:11,"Bitcoin price could surge to $140,000 in three months if history repeats itself!",182,190,https://www.reddit.com/r/CryptoCurrency/comments/1cylx12/bitcoin_price_could_surge_to_140000_in_three/
21/4/2024 19:38,"As fast as altcoins crash in price, they recover as fast, too...even some can outperform!",169,202,https://www.reddit.com/r/CryptoCurrency/comments/1c9fs1q/as_fast_as_altcoins_crash_in_price_they_recover/
21/4/2024 19:38,"As fast as altcoins crash in price, they recover as fast, too...even some can outperform!",169,202,https://www.reddit.com/r/CryptoCurrency/comments/1c9fs1q/as_fast_as_altcoins_crash_in_price_they_recover/
17/9/2024 23:43,Bitcoin rises to the best levels of September.,169,66,https://www.forexlive.com/Cryptocurrency/bitcoin-rises-to-the-best-levels-of-september-in-a-6-rally-20240917/
9/6/2024 4:15,"A Very Big Opportunity'""îCrypto Suddenly Braced For A 'Tremendous' China Earthquake After Bitcoin, Ethereum And XRP Price Boom",169,77,https://www.forbes.com/sites/digital-assets/2024/06/08/a-very-big-opportunity-crypto-suddenly-braced-for-a-tremendous-china-earthquake-after-bitcoin-ethereum-and-xrp-price-boom/
15/8/2024 4:59,"Half of crypto ads on Facebook are scams or violate Meta's policies, consumer regulator alleges",143,44,https://www.theguardian.com/technology/article/2024/aug/15/crypto-ad-scams-facebook-meta-accc-court-case
4/10/2024 22:42,"Crypto has become a ""weak"" market.",142,219,https://www.reddit.com/r/CryptoCurrency/comments/1fw0tfm/crypto_has_become_a_weak_market/
12/9/2024 17:49,Bitcoin Miners Dump $1.7B Worth Of BTC As Rising Mining Difficulty And Weak Price Action Take Their Toll ,140,59,https://www.benzinga.com/markets/cryptocurrency/24/09/40827574/bitcoin-miners-dump-1-7b-worth-of-btc-as-rising-mining-difficulty-and-weak-price-action-ta
17/4/2024 2:51,ICP's Schnorr integration ushers in Bitcoin DeFi era,138,34,https://cointelegraph.com/news/icp-schnorr-bitcoin-defi
4/8/2024 17:28,"With Rumours Of A Recession & War Rising, Is Crypto Really A Hedge During Times Of Turmoil?",137,221,https://www.reddit.com/r/CryptoCurrency/comments/1ejra2l/with_rumours_of_a_recession_war_rising_is_crypto/
23/9/2024 18:31,Ethereum Co-founder Warns Trump-Backed DeFi Platform Poses Risks To Crypto Industry - Brave New Coin,134,39,https://bravenewcoin.com/insights/ethereum-co-founder-warns-trump-backed-defi-platform-poses-risks-to-crypto-industry
15/8/2024 3:46,Coinbase Wants SEC To Produce Documents That Could Expose Regulator's Inconsistent Views on Digital Assets - The Daily Hodl,129,18,https://dailyhodl.com/2024/08/14/coinbase-wants-sec-to-produce-documents-that-could-expose-regulators-inconsistent-views-on-digital-assets/
27/9/2024 22:51,Bolivia reports 100% rise in virtual asset trading since lifting Bitcoin ban,126,47,https://cointelegraph.com/news/bolivia-reports-100-increase-average-virtual-asset-trading-last-3-months
7/7/2024 0:20,Archax makes abrdn's ‚Ç¨3.8 billion Euro Money Market fund accessible and transferable on Algorand blockchain using Europe's first fully regulated digital euro Quantoz EURD electronic money token.,118,37,https://www.reddit.com/r/CryptoCurrency/comments/1dwtbqv/archax_makes_abrdns_38_billion_euro_money_market/
4/8/2024 4:39,"Ethereum Price Crashes Below $3,000 As Revenues Drop Toward New Lows",116,76,https://www.newsbtc.com/news/ethereum-price-crashes-below-3000-as-revenues-drop-to-new-lows/
27/6/2024 21:02,Groundbreaking' Bitcoin Bill Introduced To Congress After Crypto Price Crash,114,53,https://www.forbes.com/sites/digital-assets/2024/06/27/groundbreaking-bitcoin-bill-introduced-to-congress-after-crypto-price-crash/
6/7/2024 1:19,Another BTC Crash and Top Alts from 2021 once again reach a new ATL against BTC. ,113,104,https://www.reddit.com/r/CryptoCurrency/comments/1dw38ay/another_btc_crash_and_top_alts_from_2021_once/
23/6/2024 11:06,About 6.7 billions USD to be settled in BTC option market at the end of this 2nd quarter (28Jun),109,33,https://www.reddit.com/r/CryptoCurrency/comments/1dmcm02/about_67_billions_usd_to_be_settled_in_btc_option/
16/6/2024 20:47,"Hypothetical question : What happens to cryptos, if USD collapses?",107,300,https://www.reddit.com/r/CryptoCurrency/comments/1dh6ui8/hypothetical_question_what_happens_to_cryptos_if/
4/10/2024 13:23,IMF pressures El Salvador to overhaul Bitcoin regulations,105,51,https://cointelegraph.com/news/imf-pressures-el-salvador-overhaul-bitcoin-regulations
16/8/2024 4:16,Bitcoin Price Crashes Below $57K as Total Liquidations Exceed $200 Million,105,82,https://cryptopotato.com/bitcoin-price-crashes-below-57k-as-total-liquidations-exceed-200-million/
4/9/2024 10:24,Inside the Trump Crypto Project Linked to a $2M DeFi Hack and Former Pick-Up Artist,104,25,https://www.coindesk.com/business/2024/09/03/inside-the-trump-crypto-project-linked-to-a-2m-defi-hack-and-former-pick-up-artist/
18/4/2024 6:50,Crypto crashes bring opportunities...to move your ETH around.,102,74,https://www.reddit.com/r/CryptoCurrency/comments/1c6nqpq/crypto_crashes_bring_opportunitiesto_move_your/
23/4/2024 17:38,The Rise of Cryptocurrency in Western Europe - Austria has shown recording a 70% increase in the number of cryptocurrency traders between December 2022 and December 2023.,92,28,https://www.reddit.com/r/CryptoCurrency/comments/1cb0en2/the_rise_of_cryptocurrency_in_western_europe/
5/8/2024 20:27,Bitcoin Crashes to $50K as 'Perfect Storm' Hits Crypto Market,89,41,https://www.coindesk.com/markets/2024/08/05/first-mover-americas-bitcoin-crashes-to-50k-as-perfect-storm-hits-crypto-market/
18/9/2024 1:06,Early warnings that Trump's DeFi project would flop,88,77,https://protos.com/early-warnings-that-trumps-defi-project-would-flop/
2/5/2024 19:05,DeFi's total value locked falls $10 billion in April,75,26,https://cryptobriefing.com/defi-tvl-drop-april/
16/9/2024 15:33,"There is a total of 920 million USDC wagered on Polymarket on the outcome of the 2024 US presidential election. The outcome of this bet hinges on the UMA oracle, a token with a total market cap of 179 million USD, less than 20% of the bets at stake.",68,45,https://www.reddit.com/r/CryptoCurrency/comments/1fhyv70/there_is_a_total_of_920_million_usdc_wagered_on/
17/8/2024 22:08,Crypto recent pullbacks are five times softer than the Covid crash: CoinGecko,67,46,https://cryptobriefing.com/crypto-market-corrections-2024/
5/9/2024 0:20,NFT Boom Bust: 96% of Projects Declared Dead in Report,64,47,https://beincrypto.com/nfts-are-considered-dead/
26/9/2024 18:23,Harris vows to keep US 'dominant' in blockchain and AI technologies,61,120,https://cryptobriefing.com/harris-ai-blockchain-leadership-pledge/
13/8/2024 4:30,Coinbase Urges SEC to 'Abandon' Its 'Irrational' DeFi Exchange Rule - Decrypt,60,20,https://decrypt.co/244350/coinbase-urges-sec-abandon-irrational-defi-rule
21/8/2024 16:19,"Tether Treasury minted 1 billion USDT. Since the crash on August 5, 2024, Tether has continuously transferred USDT to various exchanges such as Coinbase, Kraken, OKX, and Binance via wallet 0x1db (likely Cumberland), totaling 1.476B USDT.",58,76,https://platform.spotonchain.ai/en/signal-details/tether-treasury-minted-1b-usdt-162678
18/6/2024 22:39,"Bitcoin dominance reaches 56%, showing cyclical performance trends over Ethereum ",57,27,https://cryptobriefing.com/bitcoin-dominance-ethereum-underperformance/
27/9/2024 5:41,"FIFA ""Right-to-Buy"" NFT for the FIFA World Cup 2026 in Mexico City sold out in 24 minutes, the fastest sellout in FIFA Collect history. 115k USD worth of NFTs sold out in 24 minutes. All NFTs were minted on the Algorand Blockchain.",51,33,https://www.reddit.com/r/CryptoCurrency/comments/1fq7snp/fifa_righttobuy_nft_for_the_fifa_world_cup_2026/
30/6/2024 5:18,Vitalik Buterin says crypto regulations have created 'anarcho-tyranny',49,24,https://cointelegraph.com/news/vitalik-buterin-crypto-regulations-anarcho-tyranny
9/8/2024 19:02,Turkey sees surge in crypto license applications amid new regulations,46,22,https://cointelegraph.com/news/turkey-crypto-license-surge-regulations
1/8/2024 21:36,Centralized Crypto Exchanges Are Slowly Losing Ground to DeFi Counterparts,44,25,https://decrypt.co/242738/centralized-crypto-exchanges-are-slowly-losing-ground-to-defi-counterparts
22/5/2024 8:25,I'm not sure who needs to read this. Important reminder: Do not log out or delete your DeFi wallet app if you don't have your 12-word recovery phrase.,44,22,https://www.reddit.com/r/CryptoCurrency/comments/1cxn82l/im_not_sure_who_needs_to_read_this_important/
1/7/2024 5:21,"14,000 BTC Transferred To Exchanges In Four Days - Worrying Trend For Bitcoin Price?",44,58,https://www.newsbtc.com/news/bitcoin/14000-btc-transferred-to-exchanges-in-four-days-worrying-trend-for-bitcoin-price/
30/6/2024 3:02,Michael Dell's Bitcoin Interest: A Growing Trend?,41,14,https://www.bitcointoday.app/article/michael-dells-bitcoin-interest-a-growing-trend
13/10/2024 11:30,Crypto Companies paid $19B in Settlements to US Regulators in 2024,36,8,https://coinmarketcap.com/community/articles/670b309e46898d133c51cece/
23/8/2024 18:25,"Vitalik Buterin defends Ethereum's strength, citing recent technological advancements and ecosystem growth",36,22,https://cryptoslate.com/vitalik-buterin-says-ethereums-fundamentals-have-become-crazy-strong/?utm_source=www.outsidemoney.xyz&utm_medium=referral&utm_campaign=powell-s-speech-will-risk-assets-crash-or-skyrocket
25/4/2024 6:45,Bitcoin Wallets Holding At Least $1K Are Growing in 'Positive Trend': Fidelity - Decrypt,36,5,https://decrypt.co/227971/bitcoin-wallets-with-over-1000-growing-fidelity
2/10/2024 9:26,Bitcoin Bull Run in Question as Balances on OTC Desks Rise to 410K,35,14,https://finance.yahoo.com/news/bitcoin-bull-run-balances-otc-141526461.html
8/7/2024 19:28,Rising Power Fees Begin to Drive Bitcoin Mining Companies From Paraguay to Argentina,31,11,https://news.bitcoin.com/rising-power-fees-begin-to-drive-bitcoin-mining-companies-from-paraguay-to-argentina/
17/5/2024 8:00,"Daily Crypto Discussion - May 17, 2024 (GMT+0)",31,623,https://www.reddit.com/r/CryptoCurrency/comments/1ctrphp/daily_crypto_discussion_may_17_2024_gmt0/
20/9/2024 23:41,"Non-dollar stablecoins will rise over next few years, Visa's Head of Crypto says",30,12,https://www.theblock.co/post/317549/non-dollar-stablecoins-will-rise-visa-head-of-crypto
10/6/2024 23:24,DeFi protocol UwU Lend falls victim to $19.3M exploit ,29,20,https://cryptobriefing.com/uwu-lend-exploit/
18/7/2024 0:03,Nigeria to change its policies on blockchain technology,27,12,https://www.cryptopolitan.com/nigeria-to-change-its-policies-on-blockchain/
22/9/2024 1:41,Selfi Social - Web3 Integrated DeFi Socials ,26,27,https://www.reddit.com/r/CryptoCurrency/comments/1fm8hzo/selfi_social_web3_integrated_defi_socials/
13/7/2024 16:55,Ethereum Dominates Stablecoin Market with $85 Billion Supply Reinforcing DeFi Dominance,26,30,https://cryptonewsland.com/ethereum-dominates-stablecoin-market-with-85/
13/7/2024 13:52,DeFi Protocol Dough Finance Exploit Swipes $1.96 Million,26,21,https://bitcoinist.com/defi-protocol-dough-finance-exploit-swipes-1-96-million-in-user-funds/
9/10/2024 5:13,Ethereum staking defies market trends with robust growth in 2024,24,8,https://cryptoslate.com/ethereum-staking-defies-market-trends-with-robust-growth-in-2024/
1/7/2024 3:40,Bitcoin Eyes Bullish July as Analysts Find Historical Trends,24,17,https://dailycoin.com/bitcoin-eyes-bullish-july-as-analysts-find-historical-trends/
1/10/2024 0:15,"Gary Gensler Reiterates in Speech That Coinbase, DeFi Should Be Defined as 'Exchanges'",23,27,https://unchainedcrypto.com/gary-gensler-reiterates-in-speech-that-coinbase-defi-should-be-defined-as-exchanges/
9/10/2024 5:13,Ethereum staking defies market trends with robust growth in 2024,23,8,https://cryptoslate.com/ethereum-staking-defies-market-trends-with-robust-growth-in-2024/
12/7/2024 19:50,"Over the past 2 months alone, Nostr users have 'zapped' (tipped) 1,624,227,365 sats (960k USD) over lightning ‚ö°‚ö°. This is how we decentralize social media: one tipped content creator at a time.",17,28,https://i.redd.it/d2c6kiz8t2cd1.png
30/7/2024 8:49,Cheat-Proof Gaming: The Promise of New P2P Technology*,13,32,https://www.reddit.com/r/CryptoCurrency/comments/1efg448/cheatproof_gaming_the_promise_of_new_p2p/
7/7/2024 3:14,Trend micro 4th part of series reviews quantum resistant algos.,12,10,https://www.trendmicro.com/vinfo/au/security/news/security-technology/post-quantum-cryptography-migrating-to-quantum-resistant-cryptography
15/7/2024 23:07,Crypto ATMs fraud and scams on the rise in the US: report,12,10,https://crypto.news/crypto-atms-fraud-and-scams-on-the-rise-in-the-us-report/
12/9/2024 3:56,"Stablecoin Market Soars to $170 Billion, Fueling Optimism for Bitcoin Boom",11,30,https://beincrypto.com/stablecoin-market-spark-bitcoin-rally-hopes/
10/10/2024 4:41,Stablecoin Use Booms in Argentina as Inflation Skyrockets: Report ,9,4,https://decrypt.co/285491/argentina-stablecoin-use-booms-inflation
14/9/2024 22:53,Binance Alerts Users to Rising Threat of Clipper Malware,8,9,https://beincrypto.com/binance-alerts-users-about-clipper-malware/
11/9/2024 19:13,First US Congressional hearing on DeFi reveals deep partisan divide over crypto regulation,6,8,https://cointelegraph.com/news/first-congressional-defi-hearing-house-lawmakers-divided?utm_source=www.outsidemoney.xyz&utm_medium=referral&utm_campaign=cpi-today-chaos-or-calm
17/8/2024 14:19,"Advisor holdings in Bitcoin ETFs rise, hedge fund stakes dip ""î Coinbase",5,4,https://cointelegraph.com/news/spot-bitcoin-etf-institutional-investor-hedge-fund-advisor-crypto-exchange-coinbase?utm_source=rss_feed&utm_medium=rss&utm_campaign=rss_partner_inbound
8/8/2024 22:42,Robinhood Q2 crypto revenue surges 161% on rising trading volume,4,12,https://cointelegraph.com/news/robinhood-q2-crypto-revenue-surges-161-percent
26/9/2024 13:36,"What projects have you been following for their technology or use case innovations? No token talk please, just a discussion on great minds bringing the technology to new levels [Serious]",2,69,https://www.reddit.com/r/CryptoCurrency/comments/1fpp35x/what_projects_have_you_been_following_for_their/
7/9/2024 22:00,"Bitcoin ETFs outflow $706m: BlackRock, WisdomTree buck trend",2,9,https://crypto.news/bitcoin-etfs-see-706m-in-outflows-blackrock-and-wisdomtree-buck-trend/
7/10/2024 13:25,"US spot Bitcoin ETFs log $300 million weekly outflow, reversing three-week trend",2,2,https://www.theblock.co/post/319666/us-spot-bitcoin-etfs-log-300-million-weekly-outflow-reversing-three-week-trend
27/7/2024 3:47,Zilliqa and Brillion Forge Path to Future with Smart Wallet Technology,1,6,https://www.cointrust.com/market-news/zilliqa-and-brillion-forge-path-to-future-with-smart-wallet-technology
8/10/2024 5:25,Friend's employer wants to pay in Bitcoin and not in USD?  Which app or platform should she use to convert Bitcoin immediately to USD? Is it a scam?,1,84,https://www.reddit.com/r/CryptoCurrency/comments/1fyj454/friends_employer_wants_to_pay_in_bitcoin_and_not/
17/8/2024 20:03,Germany Federal Office urges use of hardware wallets as crypto theft rises!,1,5,https://cryptoslate.com/germany-federal-office-urges-use-of-hardware-wallets-as-crypto-theft-rises/
19/9/2024 11:21,Exchange claims minimum transfer amounts are regulated. True? Why?  ,0,14,https://www.reddit.com/r/CryptoCurrency/comments/1fkbfwm/exchange_claims_minimum_transfer_amounts_are/
3/9/2024 3:56,"New U.S. president must bring clarity to crypto regulation, analyst says",0,16,https://crypto.news/new-u-s-president-must-bring-clarity-to-crypto-regulation-analyst-says/
8/8/2024 18:56,Japan's Top Regulator Says Crypto-ETF Approvals Need 'Cautious Consideration:' Report,0,20,https://www.coindesk.com/policy/2024/08/08/japans-top-regulator-says-crypto-etf-approvals-need-cautious-consideration-report
6/10/2024 2:47,Detailed Market Analysis - Why we will likely see a major flash crash the next days and how to avoid panic,0,102,https://www.reddit.com/r/CryptoCurrency/comments/1fwxcee/detailed_market_analysis_why_we_will_likely_see_a/
6/10/2024 19:33,Will Bitcoin Crash to $20k Again? Analyzing Historical Trends and Potential Risks,0,58,https://www.reddit.com/r/CryptoCurrency/comments/1fxeg3n/will_bitcoin_crash_to_20k_again_analyzing/
11/9/2024 0:15,BlackRock Issues Serious Fed Warning As Crypto Braces For A Predicted 50% Bitcoin Price Crash,0,54,https://www.forbes.com/sites/digital-assets/2024/09/10/blackrock-issues-serious-fed-warning-as-fears-swirl-of-a-50-bitcoin-price-crash/
3/10/2024 23:46,Crypto traders lost over half a billion dollars in market crash,0,43,https://finbold.com/crypto-traders-lost-over-half-a-billion-dollars-in-market-crash/
5/8/2024 6:40,Crash because of war?,0,51,https://www.reddit.com/r/CryptoCurrency/comments/1ek8328/crash_because_of_war/
15/7/2024 6:12,Looking for a new DeFi wallet with multi-chain support.,0,25,https://www.reddit.com/r/CryptoCurrency/comments/1e3eft9/looking_for_a_new_defi_wallet_with_multichain/
11/6/2024 1:46,"Bitcoin $350,000 Price by August? Kiyosaki's Bullish Bet Defies Market Reality",0,26,https://zycrypto.com/bitcoin-350000-price-by-august-kiyosakis-bullish-bet-defies-market-reality/
7/10/2024 17:22,WEF backs 'Sandbox-first approach' for DeFi adoption,0,6,https://cointelegraph.com/news/wef-recommends-sandbox-approach-defi-regulation
5/9/2024 3:57,How Ethereum 2.0 Can Transform DeFi,0,9,https://www.coindesk.com/opinion/2024/09/04/how-ethereum-20-can-transform-defi/?utm_medium=referral&utm_source=rss&utm_campaign=headlines
31/7/2024 5:53,Cardano's Hoskinson: DeFi ecosystem just moving water in bathtub,0,14,https://cryptobriefing.com/cardano-defi-strategy-hoskinson/
20/9/2024 10:27,South Korean gaming powerhouse Nexon aims to extend lifespan of games with blockchain technology,0,7,https://www.channelnewsasia.com/east-asia/south-korea-gaming-powerhouse-nexon-universe-games-blockchain-technology-tokens-4618591
9/7/2024 23:15,"TON Blockchain Will Release New Layer-2 Based On Polygon's Technology - called the TON Applications Chain (TAC), it will make use of Polygon's Chain Development Kit (CDK), as well as their AggLayer.",0,13,https://www.coindesk.com/tech/2024/07/09/ton-blockchain-will-release-new-layer-2-based-on-polygons-technology
20/9/2024 2:50,"DFINITY Foundation Signs Letter of Intent with Cambodia's Ministry of Industry, Science, Technology and Innovation",0,3,https://www.businesswire.com/news/home/20240919926268/en/DFINITY-Foundation-Signs-Letter-of-Intent-with-Cambodia%E2%80%99s-Ministry-of-Industry-Science-Technology-and-Innovation
22/7/2024 7:58,What is the hype about with ton? I'm trying to learn more about it but am confused why it doesn't follow trends well . ,0,111,https://www.reddit.com/r/CryptoCurrency/comments/1e90e3f/what_is_the_hype_about_with_ton_im_trying_to/
6/10/2024 19:33,Will Bitcoin Crash to $20k Again? Analyzing Historical Trends and Potential Risks,0,58,https://www.reddit.com/r/CryptoCurrency/comments/1fxeg3n/will_bitcoin_crash_to_20k_again_analyzing/
10/5/2024 19:27,XNO: Nano trends as feeless and instant rhyme with gaming | Santiment's Community Insight,0,33,https://www.reddit.com/r/CryptoCurrency/comments/1con964/xno_nano_trends_as_feeless_and_instant_rhyme_with/
4/10/2024 17:11,Emerging trend could see Solana 'seriously challenge' Ethereum: Sygnum,0,9,https://cointelegraph.com/news/solana-challenge-ethereum-institutional-adoption-sygnum-report?utm_source=feedly_feed&utm_medium=rss&utm_campaign=rss_partner_inbound
22/8/2024 20:12,"""ETH trend dying now?"" ü§°",0,9,https://coinccino.com/ethereum-etfs-see-5-days-continuous-outflow-eth-trend-dying
20/4/2024 17:37,Hate this trend of using halving as a marketing hype scheme thing,0,25,https://www.reddit.com/r/CryptoCurrency/comments/1c8lyuu/hate_this_trend_of_using_halving_as_a_marketing/
11/9/2024 13:40,"ETH/BTC Trading Pair Highlights Bitcoin's Dominance, But Will the Fed Rate Cut Change the Trend?",0,3,https://cryptopotato.com/eth-btc-trading-pair-highlights-bitcoins-dominance-but-will-the-fed-rate-cut-change-the-trend/
20/8/2024 21:02,This Institution Joins the Tokenization of Real-World Assets Trend,0,5,https://beincrypto.com/institution-tokenization-of-real-world-assets/
24/6/2024 14:46,Crypto in 2024: 5 Trends That Could Skyrocket,0,9,https://sfctoday.com/crypto-in-2024-5-trends-that-could-skyrocket/
3/9/2024 2:29,"Looser Fed policy, global macro trends point to bullish outlook for Bitcoin ""î Analysts",0,0,https://cointelegraph.com/news/looser-fed-policy-global-macro-trends-bullish-outlook-bitcoin-analysts
26/6/2024 22:47,Negative Trend in US Spot Bitcoin Exchange Traded Funds (ETFs) Ended! How Many Entries Have Been Seen? Here are the Details,0,5,https://en.bitcoinsistemi.com/negative-trend-in-us-spot-bitcoin-exchange-traded-funds-etfs-ended-how-many-entries-have-been-seen-here-are-the-details/
24/6/2024 12:34,"Usually the SVI (social voting indicator) is correct, the trend might be sideways ",0,2,https://coinparliament.com/
31/5/2024 20:49,"Davido launches own meme coin amid TapSwap, other crypto trends",0,1,https://www.vanguardngr.com/2024/05/davido-launches-own-meme-coin-amid-tapswap-other-crypto-trends/amp/
10/10/2024 0:44, Is there an app/service that allows people to send me USD & i receive crypto ,0,13,https://www.reddit.com/r/CryptoCurrency/comments/1fzvxsd/is_there_an_appservice_that_allows_people_to_send/
22/6/2024 22:41,"Pantera believes Solana will dominate blockchain sector, compares its rise to Apple's breakthrough with macOS",0,67,https://cryptoslate.com/pantera-believes-solana-will-dominate-blockchain-sector-compares-its-rise-to-apples-breakthrough-with-macos/
4/10/2024 20:11,"Ethereum inflation rises, threatens 'ultrasound money' status: Report",0,29,https://cointelegraph.com/news/ethereum-inflation-surge-questions-ultrasound-money-narrative
4/8/2024 18:42,Polygon (MATIC) at June 2022 Prices: Hidden Gem Opportunity or Dead Project? Will MATIC Rise Again?,0,40,https://www.reddit.com/r/CryptoCurrency/comments/1ejscgi/polygon_matic_at_june_2022_prices_hidden_gem/
16/8/2024 23:44,2024 US election tokens that should rise soon?,0,33,https://www.reddit.com/r/CryptoCurrency/comments/1ets66t/2024_us_election_tokens_that_should_rise_soon/
6/9/2024 19:39,"Cryptos expected to rally into year-end despite rising recession signs ""ì ETC Group's Andr√© Dragosch",0,17,https://www.kitco.com/news/article/2024-09-03/cryptos-expected-rally-year-end-despite-rising-recession-signs-etc-groups?utm_source=www.outsidemoney.xyz&utm_medium=referral&utm_campaign=nfp-bitcoin-aapl-to-the-moon
7/5/2024 4:56,Dogecoin Rises 30% as Tesla Considers DOGE Acceptance For Electric Cars and Merchandise,0,29,https://dailycoin.com/dogecoin-soars-as-tesla-expands-range-on-doge-payment-support/
11/9/2024 1:19,Tether Invests $100M in Agriculture Amid Rising Stablecoin Competition,0,10,https://milkroad.com/news/tether-invests-100m-in-agriculture-amid-rising-stablecoin-competition/
21/8/2024 23:14,"Bitcoin OTC desk balances rise by 60,000 BTC in past 30 days",0,12,https://cryptoslate.com/insights/bitcoin-otc-desk-balances-rise-by-60000-btc-in-past-30-days/
9/10/2024 1:33,Pi Network token IoU jumps as mainnet launch hopes rise,0,2,https://crypto.news/pi-network-token-iou-jumps-as-mainnet-launch-hopes-rise/
7/10/2024 22:43,"Ethereum remains whitehat hackers' blockchain of choice, with Polygon, Arbitrum, Optimism and Solana on the rise",0,2,https://www.theblock.co/post/319806/ethereum-polygon-arbitrum-optimism-solana-whitehat-hackers
29/9/2024 20:44,"Ethereum Taker Buy/Sell Ratio Is Rising Again ""î What It Means For ETH Price",0,3,https://www.newsbtc.com/news/ethereum/ethereum-taker-buy-sell-ratio-is-rising-again-what-it-means-for-eth-price/
28/9/2024 0:34,BitClout's Rise and Demise: The Dark Side of Digital Disruption,0,2,https://www.paloalto.org/p/bitclouts-rise-and-demise-the-dark
17/9/2024 19:49,Crypto market volatility is rising as Fed rate decision approaches,0,3,https://www.theblock.co/post/316607/crypto-market-volatility-is-rising-as-fed-rate-decision-approaches-analysts?utm_source=telegram1&utm_medium=social
22/9/2024 3:00,"BlackRock Reveals It's Quietly Preparing For A $35 Trillion Federal Reserve Dollar Crisis With Bitcoin""îPredicted To Spark A Sudden Price Boom",0,40,https://www.forbes.com/sites/digital-assets/2024/09/19/blackrock-reveals-its-quietly-preparing-for-a-35-trillion-federal-reserve-crisis-with-bitcoin-predicted-to-spark-a-sudden-price-boom/
28/9/2024 18:36,"Leveraged MicroStrategy ETFs Are a 'Ghost Pepper' Bet on Bitcoin""îAnd They're Booming",0,12,https://decrypt.co/283562/leveraged-microstrategy-etfs-explosive-growth-bitcoin
13/10/2024 8:06,GameFi's next boom: How TON-based games and crypto airdrops are attracting millions of users,0,9,https://cryptoslate.com/gamefis-next-boom-how-ton-based-games-and-crypto-airdrops-are-attracting-millions-of-users/
8/10/2024 21:41,Cryptocurrency crimes surge 4x as crypto-related SEC litigations boom in Q3,0,6,https://finbold.com/cryptocurrency-crimes-surge-4x-as-crypto-related-sec-litigations-boom-in-q3/
1/9/2024 16:28,Arthur Hayes Predicts Bitcoin Boom as Central Banks Cut Interest Rates,0,6,https://news.bitcoin.com/arthur-hayes-predicts-bitcoin-boom-as-central-banks-cut-interest-rates/
1/10/2024 18:35,Boom of DEX cryptocurrencies - September Price Performance Review of Major Exchange Coins/Tokens,0,0,https://www.reddit.com/r/CryptoCurrency/comments/1ftkx1o/boom_of_dex_cryptocurrencies_september_price/
10/5/2024 22:11,MemeCoin Boom - ELI5 ,0,14,https://www.reddit.com/r/CryptoCurrency/comments/1coqioi/memecoin_boom_eli5/
15/6/2024 17:52,"ETF Boom! Market Set To Surge To $35 Trillion By 2035, Says Analyst",0,8,https://dailycoinpost.com/etf-boom-market-set-to-surge-to-35-trillion-by-2035-says-analyst/
3/8/2024 21:12,'Unregulated' Crypto Betting Booms Ahead Of 2024 US Election On Polymarket,0,2,https://bitcoinist.com/unregulated-crypto-betting-booms/
8/5/2024 17:07,"Bitcoin Booms, Ethereum Lags As Short-Term Holders Hold the Key: What's Next?",0,8,https://cryptotale.org/bitcoin-booms-ethereum-lags-as-short-term-holders-hold-the-key-whats-next/
3/10/2024 6:09,"Old user, gone for a bit, newly back. Lots has changed with Moons I 'm seeing.. What function do they serve/what good are they [other than their token value ofc] now that vault isn't supported and one's not able to purchase memberships or special features with them?",0,36,https://www.reddit.com/r/CryptoCurrency/comments/1fusjbq/old_user_gone_for_a_bit_newly_back_lots_has/
5/8/2024 10:30,Will any other blockchain network ever break away from BTC value?,0,46,https://www.reddit.com/r/CryptoCurrency/comments/1ekcsc7/will_any_other_blockchain_network_ever_break_away/
7/10/2024 9:19,Is it possible to create a coin that automatically deletes bits of its own value from the current owners wallet?,0,28,https://www.reddit.com/r/CryptoCurrency/comments/1fxw36o/is_it_possible_to_create_a_coin_that/
10/8/2024 5:06,YSK: Your altcoins don't lose value the way you think they do,0,40,https://www.reddit.com/r/CryptoCurrency/comments/1eob0nw/ysk_your_altcoins_dont_lose_value_the_way_you/
27/4/2024 13:57,"To new-memecoin investors, I have a question: Let's say all of the meme-coins you buy drop in value by 99% in 2-3 years. If you make money off of them now, do you feel any moral qualms about profiting from selling?",0,60,https://www.reddit.com/r/CryptoCurrency/comments/1ce79oa/to_newmemecoin_investors_i_have_a_question_lets/
12/9/2024 16:34,From High Hopes to Low Values: The Meme Coin Rollercoaster After the U.S. Presidential Debate,0,30,https://dailycoin.com/trump-styled-meme-coins-tumble-after-the-presidential-debate/
